SYMBOL,SERIES,SECURITY,HIGH/LOW,INDEX FLAG
AFTEK,BZ,AFTEK LIMITED,H
AGRODUTCH,EQ,AGRO DUTCH INDUSTRIES LTD,H
ALPA,BE,ALPA LABORATORIES LTD,H
ANTGRAPHIC,BE,ANTARCTICA LTD,H
ARSHIYA,EQ,ARSHIYA LIMITED,H
ARVINDREM,EQ,ARVIND REMEDIES LIMITED,H
ATNINTER,EQ,ATN INTERNATIONAL LTD,H
AUSOMENT,EQ,AUSOM ENTERPRISE LIMITED,H
AUSTRAL,EQ,AUSTRAL COKE & PRO LTD,H
AXISCADES,EQ,AXISCADES ENGG TECH LTD,H
BANG,EQ,BANG OVERSEAS LTD.,H
BFINVEST,EQ,BF INVESTMENT LIMITED,H
BILENERGY,EQ,BIL ENERGY SYSTEMS LTD,H
CAPLIPOINT,EQ,CAPLIN POINT LAB LTD.,H
CLASSIC,BE,CLASSIC DIAMONDS (I) LTD,H
CLUTCHAUTO,BE,CLUTCH AUTO LTD,H
COUNCODOS,EQ,COUNTRY CONDO'S LIMITED,H
CTE,EQ,CAMBRIDGE TECH ENTER LTD,H
CYBERTECH,EQ,CYBERTECH SYSTEMS & SOFTW,H
DAAWAT,EQ,LT FOODS LIMITED,H
DIAPOWER,EQ,DIAMOND POWER INFRA LTD,H
DRDATSONS,EQ,DR. DATSONS LABS LIMITED,H
DYNATECH,EQ,DYNACONS TECHNOLOGIES LTD,H
EASTSILK,EQ,EASTERN SILK INDUSTRIES L,H
EDUCOMP,EQ,EDUCOMP SOLUTIONS LTD,H
ELAND,EQ,E-LAND APPAREL LIMITED,H
ELDERPHARM,BE,ELDER PHARMA LTD.,H
ELECTHERM,EQ,ELECTROTHERM (I) LTD.,H
ENTEGRA,BE,ENTEGRA LIMITED,H
ERAINFRA,EQ,ERA INFRA ENGINEERING LTD,H
ESSDEE,EQ,ESS DEE ALUM LTD,H
EUROCERA,EQ,EURO CERAMICS LTD,H
FARMAXIND,EQ,FARMAX INDIA LTD,H
FCSSOFT,EQ,FCS SOFTWARE SOLN. LTD.,H
FIRSTWIN,EQ,FIRST WIN IND. LTD.,H
GEMINI,EQ,GEMINI COMM. LTD,H
GENUSPAPER,EQ,GENUS P&B LIMITED,H
GOENKA,BZ,GOENKA DIAMOND&JEWELS LTD,H
HCIL,EQ,HIMADRI CHEM. & IND. LTD,H
HESTERBIO,EQ,HESTER BIOSCIENCES LTD,H
ICIL,EQ,INDO COUNT INDUSTRIES LTD,H
INDSWFTLTD,BE,IND-SWIFT LIMITED,H
ISFT,BE,INTRASOFT TECH. LTD,H
JCTEL,EQ,JCT ELE. LTD,H
JINDALPHOT,EQ,JINDAL PHOTO LIMITED,H
JPOLYINVST,EQ,JIND POL INV & FIN CO LTD,H
KAMATHOTEL,EQ,KAMAT HOTELS (I) LTD,H
KEMROCK,EQ,KEMROCK IND LTD,H
KERNEX,BE,KERNEX MICROSYS(I) LTD,H
KHAITANELE,EQ,KHAITAN ELECTRICALS LTD,H
KITEX,EQ,KITEX GARMENTS LTD,H
KSERASERA,EQ,KSS LIMITED,H
LAKSHMIEFL,EQ,LAKSHMI ENG. & FOODS LTD,H
LCCINFOTEC,BE,LCC INFOTECH LTD,H
MELSTAR,BE,MELSTAR INFORMATION TECH,H
MOSERBAER,EQ,MOSER-BAER (I) LTD,H
NAHARINDUS,EQ,NAHAR INDS ENT LTD,H
NEPCMICON,BE,NEPC INDIA LTD,H
NITESHEST,EQ,NITESH ESTATES LTD,H
OMMETALS,EQ,OM METALS INFRAPRO LTD,H
PARACABLES,EQ,PARAMOUNT COMM LTD,H
PBAINFRA,EQ,PBA INFRASTRUCTURE LTD.,H
PDPL,EQ,PARENTERAL DRUGS LTD,H
PIONDIST,EQ,PIONEER DIST LTD,H
PIONEEREMB,EQ,PIONEER EMBROIDERIES LTD,H
POCHIRAJU,EQ,POCHIRAJU IND LTD,H
PREMIERPOL,EQ,PREMIER POLYFILM LTD,H
PRESSMN,EQ,PRESSMAN ADVERTISING LTD,H
PSL,BE,PSL LIMITED,H
PURVA,EQ,PURAVANKARA PROJ. LTD.,H
RAJOIL,BE,RAJ OIL MILLS LTD,H
RAJRAYON,EQ,RAJ RAYON INDUSTRIES LTD,H
RANEHOLDIN,EQ,RANE HOLDINGS LIMITED,H
RASOYPR,EQ,RASOYA PROTEINS LTD,H
REIAGROLTD,EQ,REI AGRO LIMITED,H
RMMIL,EQ,RESURGERE MINES & MINERAL,H
ROSSELLIND,EQ,ROSSELL INDIA LIMITED,H
RTNINFRA,EQ,RATTANINDIA INFRA LIMITED,H
RUCHINFRA,BE,RUCHI INFRASTRUCTURE LTD,H
SAMTEL,EQ,SAMTEL COLOR LTD,H
SDAFIIIGR,MF,SBIAMC - SDAFIIIGR,H
SERVALL,EQ,SERVALAKSHMI PAPER LTD,H
SGFL,BE,SHREE GANESH FORG. LTD,H
SHREERAMA,BE,SHREE RAMA MULTI TECH LTD,H
SHREYAS,BE,SHREYAS SHIPPING & LOGIST,H
SKIL,BE,SKIL INFRASTRUCTURE LTD.,H
SKUMARSYNF,BZ,S KUMARS NATIONWIDE LTD,H
SOMATEX,EQ,SOMA TEXTILES & INDUST LT,H
SRGINFOTEC,BE,SRG INFOTEC (INDIA) LTD.,H
SUNDARAM,EQ,SUNDARAM MULTI PAP LTD,H
SUPREMETEX,EQ,SUPREME TEX MART LIMITED,H
SURANAT&P,EQ,SURANA TELECOM AND POW LT,H
TECPRO,BE,TECPRO SYSTEMS LTD,H
TGBHOTELS,EQ,TGB BANQUETS&HOTELS LTD,H
THEMISMED,BE,THEMIS MEDICARE LTD.,H
TIMBOR,EQ,TIMBOR HOME LIMITED,H
UNIENTER,EQ,UNIPHOS ENTERPRISES LTD,H
UNIPLY,EQ,UNIPLY INDUSTRIES LIMITED,H
UNIVCABLES,BE,UNIVERSAL CABLES LTD,H
UTTAMSUGAR,EQ,UTTAM SUGAR MILLS LTD.,H
V2RETAIL,EQ,V2 RETAIL LIMITED,H
VARUNSHIP,EQ,VARUN SHIPPING LTD,H
VASCONEQ,EQ,VASCON ENGINEERS LTD,H
VASWANI,EQ,VASWANI IND LTD,H
VISASTEEL,EQ,VISA STEEL LIMITED,H
VISESHINFO,EQ,VISESH INFOTECNICS LTD,H
WANBURY,BE,WANBURY LIMITED,H
WEBELSOLAR,EQ,WEBSOL ENERGY SYSTEM LTD,H
ZYLOG,EQ,ZYLOG SYSTEMS LTD.,H
ATNINTER,EQ,ATN INTERNATIONAL LTD,L
AUSTRAL,EQ,AUSTRAL COKE & PRO LTD,L
BGLOBAL,BE,BHARATIYA GLOBAL INFO LTD,L
BIRLACOT,EQ,BIRLA COTSYN LTD,L
CCHHL,EQ,COUNTRY CLUB HOSP HOL LTD,L
CHROMATIC,EQ,CHROMATIC INDIA LTD,L
CREATIVEYE,EQ,CREATIVE EYE LIMITED,L
DYNATECH,EQ,DYNACONS TECHNOLOGIES LTD,L
EUROCERA,EQ,EURO CERAMICS LTD,L
FARMAXIND,EQ,FARMAX INDIA LTD,L
FIRSTWIN,EQ,FIRST WIN IND. LTD.,L
GENUSPAPER,EQ,GENUS P&B LIMITED,L
GLODYNE,BZ,GLODYNE TECHNOSERVE LTD.,L
INDOWIND,BE,INDOWIND ENERGY LTD,L
KSERASERA,EQ,KSS LIMITED,L
LCCINFOTEC,BE,LCC INFOTECH LTD,L
MANAKALUCO,BE,MANAK ALUMINIUM CO. LTD.,L
MANAKCOAT,BE,MAN COAT METAL & IND LTD,L
MANAKINDST,BE,MANAKSIA INDUSTRIES LTD,L
MANAKSTEEL,BE,MANAKSIA STEELS LTD,L
MVL,EQ,MVL LIMITED,L
NCOPPER,EQ,NISSAN COPPER LIMITED,L
NEPCMICON,BE,NEPC INDIA LTD,L
PARAPRINT,BE,PARAMOUNT PRINTPACK LTD,L
PARASPETRO,BE,PARAS PETROFILS LTD.,L
RASOYPR,EQ,RASOYA PROTEINS LTD,L
SAMTEL,EQ,SAMTEL COLOR LTD,L
SDAFIIIGR,MF,SBIAMC - SDAFIIIGR,L
SGFL,BE,SHREE GANESH FORG. LTD,L
TEXMOPIPES,EQ,TEXMO PIPE & PRODUCTS LTD,L
TFL,EQ,TRANSWARRANTY FIN. LTD.,L
THOMASCOTT,BE,THOMAS SCOTT (INDIA) LTD,L
UGARSUGAR,BE,THE UGAR SUGAR WORKS LTD,L
VKSPL,EQ,VKS PROJECTS LIMITED,L
