GAIN_LOSS,SECURITY,CLOSE_PRIC,PREV_CL_PR,PERCENT_CG
 ,CNX Nifty Sec., , , 
 , , , , 
G,COAL INDIA LTD,380.35,359.6,5.77
G,RELIANCE INDUSTRIES LTD,865.9,832.85,3.97
G,BHARTI AIRTEL LIMITED,419.15,404.75,3.56
G,BHARAT PETROLEUM CORP  LT,819.65,795.7,3.01
G,TECH MAHINDRA LIMITED,672.3,652.85,2.98
G,HCL TECHNOLOGIES LTD,958.85,934.55,2.6
G,GAIL (INDIA) LTD,410.4,400.15,2.56
G,TATA CONSULTANCY SERV LT,2641.4,2585,2.18
G,DR. REDDY'S LABORATORIES,3755.45,3684.85,1.92
G,INFOSYS LIMITED,2200.55,2159.5,1.9
G,ULTRATECH CEMENT LIMITED,2986.45,2931.85,1.86
G,ITC LTD,346.25,340.6,1.66
G,PUNJAB NATIONAL BANK,152.8,150.6,1.46
G,ASIAN PAINTS LIMITED,846.85,835.2,1.39
G,ZEE ENTERTAINMENT ENT LTD,340.4,336.4,1.19
G,CIPLA LTD,736.7,728.2,1.17
G,BHEL,235.9,233.5,1.03
G,GRASIM INDUSTRIES LTD,3800.25,3766.3,0.9
G,MARUTI SUZUKI INDIA LTD.,3628.7,3599.9,0.8
G,TATA STEEL LIMITED,336.1,333.5,0.78
G,HINDALCO  INDUSTRIES  LTD,137.95,136.95,0.73
G,STATE BANK OF INDIA,273.9,272.05,0.68
G,CAIRN INDIA LIMITED,221.75,220.35,0.64
G,LARSEN & TOUBRO LTD.,1779.45,1769.7,0.55
G,MAHINDRA & MAHINDRA LTD,1274.2,1268.85,0.42
G,HDFC BANK LTD,1035.55,1032.75,0.27
G,BAJAJ AUTO LIMITED,2099.5,2094.55,0.24
G,TATA MOTORS LIMITED,561.5,560.35,0.21
G,WIPRO LTD,616.3,615.05,0.2
G,NMDC LTD.,130.25,130,0.19
 , , , , 
L,IDEA CELLULAR LIMITED,192.2,197.15,-2.51
L,YES BANK LIMITED,820.6,840.8,-2.4
L,HDFC LTD,1299.7,1328.7,-2.18
L,SESA STERLITE LIMITED,193.6,197.75,-2.1
L,OIL AND NATURAL GAS CORP.,313,319,-1.88
L,TATA POWER CO LTD,77.35,78.4,-1.34
L,KOTAK MAHINDRA BANK LTD,1371.6,1386.85,-1.1
L,HERO MOTOCORP LIMITED,2605.8,2632.35,-1.01
L,AMBUJA CEMENTS LTD,257.65,260.1,-0.94
L,IDFC LIMITED,170,171.5,-0.87
L,ACC LIMITED,1636.2,1650.3,-0.85
L,ICICI BANK LTD.,315.1,317.4,-0.72
L,BANK OF BARODA,168.85,170.05,-0.71
L,INDUSIND BANK LIMITED,901.95,906.95,-0.55
L,LUPIN LIMITED,2082.1,2091.6,-0.45
L,POWER GRID CORP. LTD.,147.3,147.95,-0.44
L,AXIS BANK LIMITED,555.9,557.85,-0.35
L,SUN PHARMACEUTICALS IND.,1150.45,1152.05,-0.14
L,NTPC LTD,156.1,156.3,-0.13
L,HINDUSTAN UNILEVER LTD.,912.55,913.45,-0.1
 , , , , 
 ,CNX Nifty Junior Sec., , , 
 , , , , 
G,UNITED SPIRITS LIMITED,3940.85,3765.9,4.65
G,HINDUSTAN PETROLEUM CORP,672.75,643.5,4.55
G,GLENMARK PHARMACEUTICALS,881.75,844.2,4.45
G,CROMPTON GREAVES LTD,175.3,168.4,4.1
G,DABUR INDIA LTD,284.35,274.3,3.66
G,EICHER MOTORS LTD,16524.85,15983.3,3.39
G,GODREJ CONSUMER PRODUCTS,1173.8,1140.55,2.92
G,RURAL ELEC CORP. LTD.,330.3,321.25,2.82
G,ADITYA BIRLA NUVO LIMITED,1753.35,1705.35,2.81
G,RELIANCE COMMUNICATIONS L,62.65,61.1,2.54
G,RELIANCE INFRASTRUCTU LTD,453.95,443.15,2.44
G,BOSCH LIMITED,25823.6,25291.65,2.1
G,CONTAINER CORP OF IND LTD,1676.15,1641.65,2.1
G,BHARAT FORGE LTD,1339.7,1313.75,1.98
G,LIC HOUSING FINANCE LTD,452.85,444.25,1.94
G,CUMMINS INDIA LTD,887.85,871.95,1.82
G,POWER FIN CORP LTD.,277.95,273.25,1.72
G,BAJAJ FINSERV LTD.,1455.6,1431.2,1.7
G,SIEMENS LTD,1462.2,1449.05,0.91
G,UNITED BREWERIES LTD,1122.35,1112.8,0.86
G,M&M FIN. SERVICES LTD,266.7,264.95,0.66
G,ADANI ENTERPRISES LIMITED,644.85,640.95,0.61
G,PETRONET LNG LIMITED,181.65,180.75,0.5
G,EXIDE INDUSTRIES LTD,184.2,183.4,0.44
G,RELIANCE POWER LTD.,58.1,57.85,0.43
G,DIVI'S LABORATORIES LTD,1943.45,1935.25,0.42
G,TATA GLOBAL BEVERAGES LTD,151.6,151.1,0.33
G,TITAN COMPANY LIMITED,407.45,406.6,0.21
G,GLAXOSMITHKLINE CONSUMER,6299.75,6293.75,0.1
G,GLAXOSMITHKLINE PHARMA LT,3359.5,3358.9,0.02
 , , , , 
L,BHARTI INFRATEL LTD.,374.4,384.95,-2.74
L,AUROBINDO PHARMA LTD,1325.15,1360.25,-2.58
L,UPL LIMITED,462.25,473.25,-2.32
L,SHRIRAM TRANSPORT FIN CO.,1161.95,1187.05,-2.11
L,TATA CHEMICALS LTD,449.05,456.8,-1.7
L,ADANI PORT & SEZ LTD,319.15,323.9,-1.47
L,APOLLO HOSPITALS ENTER. L,1381.95,1401.6,-1.4
L,OIL INDIA LTD,452,457.65,-1.23
L,CANARA BANK,379.7,383.5,-0.99
L,STEEL AUTHORITY OF INDIA,72.3,72.8,-0.69
L,ORACLE FIN SERV SOFT LTD.,3338.8,3359.65,-0.62
L,JSW STEEL LIMITED,932,937.6,-0.6
L,INDIABULLS HSG FIN LTD,557.65,560.75,-0.55
L,BANK OF INDIA,205.9,207,-0.53
L,UNION BANK OF INDIA,157.1,157.8,-0.44
L,MOTHERSON SUMI SYSTEMS LT,506.3,508.15,-0.36
L,COLGATE PALMOLIVE LTD.,2093.35,2099.45,-0.29
L,RELIANCE CAPITAL LTD,436.85,437.95,-0.25
L,BAJAJ HOLDINGS & INVS LTD,1314.35,1316.05,-0.13
 , , , , 
 ,OTHER SECURITIES, , , 
 , , , , 
G,VISESH INFOTECNICS LTD,0.15,0.1,50
G,ESS DEE ALUM LTD,213.6,178,20
G,NAHAR INDS ENT LTD,55.2,46,20
G,HIMADRI CHEM. & IND. LTD,22.2,18.5,20
G,SERVALAKSHMI PAPER LTD,2.4,2,20
G,PARENTERAL DRUGS LTD,25.2,21,20
G,RANE HOLDINGS LIMITED,696.2,580.2,19.99
G,ROSSELL INDIA LIMITED,118.9,99.1,19.98
G,PBA INFRASTRUCTURE LTD.,21.95,18.3,19.95
G,UNIPHOS ENTERPRISES LTD,38.6,32.2,19.88
G,KITEX GARMENTS LTD,795.25,663.6,19.84
G,VISA STEEL LIMITED,21.15,17.65,19.83
G,TGB BANQUETS&HOTELS LTD,143.15,119.55,19.74
G,DR. DATSONS LABS LIMITED,8.3,6.95,19.42
G,SOMA TEXTILES & INDUST LT,3.7,3.1,19.35
G,ONELIFE CAP ADVISORS LTD,144.5,121.1,19.32
G,LT FOODS LIMITED,136.95,115,19.09
G,SURANA TELECOM AND POW LT,15.95,13.4,19.03
G,EASTERN SILK INDUSTRIES L,2.2,1.85,18.92
G,VASCON ENGINEERS LTD,24.55,20.75,18.31
G,ELECTROTHERM (I) LTD.,35.45,30,18.17
G,MALU PAPER MILLS LIMITED,12.95,11,17.73
G,ARSHIYA LIMITED,46.1,39.2,17.6
G,RATTANINDIA INFRA LIMITED,2.7,2.3,17.39
G,VASWANI IND LTD,3.05,2.6,17.31
G,ORIENT BELL LIMITED,173.45,148,17.2
G,INDO COUNT INDUSTRIES LTD,474.9,406.35,16.87
 , , , , 
L,VKS PROJECTS LIMITED,0.15,0.2,-25
L,ATN INTERNATIONAL LTD,0.25,0.3,-16.67
L,INDO THAI SEC LTD,15.65,17.4,-10.06
L,G M BREWERIES LTD,108.95,121.1,-10.03
L,GREEN FIRE AGRI COMM LTD,0.45,0.5,-10
L,REI SIX TEN RETAIL LTD,0.45,0.5,-10
L,SBIAMC - SDAFIIIGR,9.02,10,-9.8
L,ASHIMA LTD,9.65,10.55,-8.53
L,INDIAN METALS & FERRO,159,172.95,-8.07
L,TRANSWARRANTY FIN. LTD.,5.7,6.2,-8.06
L,BOND 8.63% PA TF TII-SIIA,1118.34,1208,-7.42
L,OCL IRON AND STEEL LTD,21.2,22.85,-7.22
L,ZODIAC JRD-MKJ LTD,38.05,41,-7.2
L,GRAVITA INDIA LIMITED,42,45.25,-7.18
L,NAKODA LIMITED,1.45,1.55,-6.45
L,FACT LTD,31.7,33.8,-6.21
L,SHYAM TELECOM LIMITED,34.45,36.7,-6.13
L,JAMNA AUTO IND LTD,224.9,239.55,-6.12
L,NATIONAL FERT. LTD,32.3,34.35,-5.97
L,BHAGYANAGAR INDIA LIMITED,16.85,17.9,-5.87
L,LOKESH MACHINES LTD,81.85,86.9,-5.81
L,ALLIED DIGITAL SERV. LTD,19.65,20.85,-5.76
L,NAGREEKA EXPORTS LTD.,22.5,23.85,-5.66
L,INDO TECH TRANSFORM LTD.,163.65,173.4,-5.62
L,INDOSOLAR LIMITED,17.7,18.75,-5.6
L,DELTA MAGNETS LIMITED,35.9,37.95,-5.4
L,SAKUMA EXPORTS LIMITED,20.45,21.6,-5.32
L,9.5% UNSEC RED NCD,9.85,10.4,-5.29
