SECURITY,NEW,PREVIOUS,NEW_STATUS
JULLUNDUR MOT AGENCY LTD,194,187.95,H
MULTI COMMODITY EXCHANGE,1230,855,H
UNITED BREWERIES LTD,1142,1126.5,H
VARDHMAN TEXTILES LIMITED,599,584,H
CAPITAL FIRST LIMITED,462,454,H
INDO COUNT INDUSTRIES LTD,487.6,482.95,H
ICRA LIMITED,4319,4260,H
MARICO KAYA ENTRPRSES LTD,2143.75,2019.9,H
SKIL INFRASTRUCTURE LTD.,42.75,42,H
STRIDES ARCOLAB LIMITED,1248.8,1237.2,H
TECHNOCRAFT IND LTD,268,253,H
ASTEC LIFESCIENCES LTD,166.9,160.6,H
E-LAND APPAREL LIMITED,22.9,20.45,H
KITEX GARMENTS LTD,796.3,672.65,H
LUPIN LIMITED,2115,2109.6,H
MERCK LIMITED,1009,1008,H
ALICON CASTALLOY LIMITED,349,346,H
COLGATE PALMOLIVE LTD.,2145,2139,H
IFB INDUSTRIES LTD,683.8,664.75,H
MITCON CON & ENG SERV LTD,62,61.1,H
PFIZER LTD,2429.6,2395,H
TIMKEN INDIA LTD.,669,654,H
ZEN TECHNOLOGIES LIMITED,73,72,H
3M INDIA LIMITED,9420,8866,H
AMBIKA COTTON MILL LTD.,909.9,832,H
DR. REDDY'S LABORATORIES,3775.3,3704.95,H
KPR MILL LTD.,587.8,539,H
MAXWELL INDUSTRIES LTD,89,87.5,H
PRESSMAN ADVERTISING LTD,49.75,48.65,H
RAMKRISHNA FORGINGS LTD,501.8,488,H
RPG LIFE SCIENCES LTD,175,172.7,H
AARTI INDUSTRIES LTD,381,377.4,H
AHLUWALIA CONT IND LTD,294,282.4,H
BLISS GVS PHARMA LTD,145,143.9,H
EVEREADY INDS. IND.  LTD.,291.9,291,H
GLENMARK PHARMACEUTICALS,901.35,879.65,H
OM METALS INFRAPRO LTD,51.95,44,H
PITTI LAMINATIONS LTD,138,129.85,H
PRISM CEMENTS LTD,133.45,132.95,H
SKF INDIA LTD,1540,1525,H
SML ISUZU LIMITED,1670.95,1485,H
SYMPHONY LIMITED,2762,2695,H
AXISCADES ENGG TECH LTD,377.35,359.4,H
HESTER BIOSCIENCES LTD,588.8,560.8,H
HINDUSTAN PETROLEUM CORP,678.9,669.95,H
NITIN SPINNERS LIMITED,35.5,32.5,H
SOLAR INDUSTRIES (I) LTD,3662,3654.6,H
TGB BANQUETS&HOTELS LTD,143.45,123.35,H
WHIRLPOOL OF INDIA LTD,810.05,808,H
BAJAJ FINANCE LIMITED,4530,4492.4,H
BALKRISHNA IND. LTD,690,674.5,H
CAPLIN POINT LAB LTD.,1299.5,1237.65,H
CARE LIMITED,1759,1727.7,H
ECL NCD 10.45% OPT II,1004,1000,H
ECL NCD 10.15% OPT IV,1002,1001.02,H
FAG BEARINGS INDIA LTD,4599,4500,H
HITACHI HOME & LIFE SOLUT,1625,1592,H
HONDA SIEL POWER PROD LTD,1363.95,1268,H
IND TERRAIN FASHIONS LTD,699,660.9,H
KOKUYO CAMLIN LIMITED,88.75,87.8,H
ROSSELL INDIA LIMITED,118.9,108,H
SEC RED NCD SVI,1135,1133,H
SOMANY CERAMICS LIMITED,451,449,H
TORRENT PHARMACEUTICALS L,1283,1260,H
VINATI ORGANICS LTD,601.9,593,H
WABCO INDIA LIMITED,6030,6029.95,H
GLODYNE TECHNOSERVE LTD.,1.7,1.75,L
NISSAN COPPER LIMITED,1.55,1.6,L
MAN COAT METAL & IND LTD,14.7,15.45,L
PARAMOUNT PRINTPACK LTD,0.35,0.4,L
GENUS P&B LIMITED,1.8,1.85,L
KHAITAN (INDIA)LTD.,7.15,7.4,L
MANAK ALUMINIUM CO. LTD.,14.7,15.45,L
MANAKSIA INDUSTRIES LTD,14.65,15.4,L
UTTAM VALUE STEELS LTD,4.1,4.2,L

