SERIES,SYMBOL,SECURITY,RECORD_DT,BC_STRT_DT,BC_END_DT,EX_DT,ND_STRT_DT,ND_END_DT,PURPOSE
BE,ACC,ACC Limited, ,14/03/2015,20/03/2015,12/03/2015, , ,AGM/DIV-RS 19 PER SHARE  
BE,GOODLUCK,Good Luck Steel Tubes Ltd,21/02/2015, , ,18/02/2015, , ,INT DIV-RE 0.75 PER SHARE
BE,CONCOR,Container Corp of India,25/02/2015, , ,24/02/2015, , ,INT DIV-RS 8 PER SHARE   
BE,VESUVIUS,Vesuvius India Ltd,17/02/2015, , ,13/02/2015, , ,E-VOTING                 
BE,AUROPHARMA,AUROPHARMA - Depo,18/02/2015, , ,16/02/2015, , ,INT DIV-RS 2 PER SHARE   
BE,SAIL,STEEL AUTHORITY OF INDIA,20/02/2015, , ,18/02/2015, , ,INT DIV RE 1.75 PER SHARE
BE,BHEL,BHEL depo,18/02/2015, , ,16/02/2015, , ,INT DIV-RE 0.54 PER SHARE
BE,NEYVELILIG,NeyveliLignite-RollSett,27/02/2015, , ,26/02/2015, , ,INT DIV-RE 1.80 PER SHARE
BE,PRECWIRE,Precision Wires India Ltd,27/02/2015, , ,26/02/2015, , ,INT DIV-RE 1 PER SHARE   
BE,EASTSUGIND,Eastern Sug & Inds Ltd., ,17/02/2015,23/02/2015,13/02/2015, , ,Annual General Meeting   
BE,FAGBEARING,Fag Bearings India Ltd, ,01/04/2015,06/04/2015,30/03/2015, , ,DIVDEND-RS 7.50 PER SHARE
BE,NATCOPHARM,Natco Pharma Limited,25/02/2015, , ,24/02/2015, , ,INT DIV-RS 5 PER SHARE   
BE,INDNIPPON,India Nippon Elect Ltd,20/02/2015, , ,18/02/2015, , ,INT DIV-RS 4.50 PER SHARE
BE,HITECHGEAR,HitechGearsLtd-Roll Sett,25/02/2015, , ,24/02/2015, , ,INT DIV-RE 1 PER SHARE   
BE,DICIND,DIC India Limited, ,17/03/2015,23/03/2015,13/03/2015, , ,Annual General Meeting   
BE,SHREYAS,Shreyas Shipping & Logist,25/02/2015, , ,24/02/2015, , ,INT DIV RE 0.70 PER SHARE
BE,HEXAWARE,Hexaware Technologies Lim,21/02/2015, , ,18/02/2015, , ,INT DIV-RS 2.50 PER SHARE
BE,PAGEIND,Page Industries Limited,19/02/2015, , ,16/02/2015, , ,INT DIV-RS 18 PER SHARE  
BE,MANAKSIA,Manaksia Limited,20/02/2015, , ,18/02/2015, , ,INT DIV- RS 2 PER SHARE  
BE,BANCOINDIA,Banco Products (I) Ltd,27/02/2015, , ,26/02/2015, , ,INT DIV-RE 0.50 PER SHARE
BE,TAKE,Take Solutions Limited,20/02/2015, , ,18/02/2015, , ,INT DIV-RE 0.30 PER SHARE
BE,BFUTILITIE,BF Utilities Limited, ,30/03/2015,30/03/2015,26/03/2015, , ,Annual General Meeting   
BE,SELAN,Selan Exploration Technol,19/02/2015, , ,16/02/2015, , ,INT DIV-RS 5 PER SHARE   
BE,MERCK,Merck Limited, ,06/04/2015,08/04/2015,30/03/2015, , ,AGM/DIV-RS 6 PER SHARE   
BE,ADVANIHOTR,Advani Hot.& Res.(I) Ltd,27/02/2015, , ,26/02/2015, , ,INT DIV-RE 0.30 PER SHARE
BE,MEGH,Meghmani Organics Limited,20/02/2015, , ,18/02/2015, , ,INT DIV-RE 0.40 PER SHARE
BE,NMDC,NMDC Limited,20/02/2015, , ,18/02/2015, , ,INT DIV-RS 4.25 PER SHARE
BE,RECLTD,Rural Electrification Cor,20/02/2015, , ,18/02/2015, , ,INT DIV-RS 8 PER SHARE   
BE,AMRUTANJAN,Amrutajan Health Ltd,17/02/2015, , ,13/02/2015, , ,INT DIV-RE 1.10 PER SHARE
BE,MAYURUNIQ,Mayur Uniquoters Ltd,18/02/2015, , ,16/02/2015, , ,INT DIV-RE 0.80 PER SHARE
BE,SJVN,SJVN Ltd,18/02/2015, , ,16/02/2015, , ,INT DIV-RE 0.63 PER SHARE
BE,BLISSGVS,Bliss GVS Pharma Ltd,25/02/2015, , ,24/02/2015, , ,INT DIV-RE 0.20 PER SHARE
BE,HGS,Hinduja Global Sols. Ltd.,20/02/2015, , ,18/02/2015, , ,INT DIV-RS 5 PER SHARE   
BE,TRIDENT,Trident Limited,20/02/2015, , ,18/02/2015, , ,INT DIV-RE 0.30 PER SHARE
BE,IFCI,IFCI LTD,03/03/2015, , ,02/03/2015, , ,INTERIM DIVIDEND         
EQ,AUROPHARMA,Aurobindo Pharma Ltd.,18/02/2015, , ,16/02/2015, , ,INT DIV-RS 2 PER SHARE   
EQ,GOODLUCK,Good Luck Steel Tubes Ltd,21/02/2015, , ,18/02/2015, , ,INT DIV-RE 0.75 PER SHARE
EQ,PRECWIRE,Precision Wires India Ltd,27/02/2015, , ,26/02/2015, , ,INT DIV-RE 1 PER SHARE   
EQ,IFCI,IFCI Ltd.,03/03/2015, , ,02/03/2015, , ,INTERIM DIVIDEND         
EQ,FAGBEARING,Fag Bearings India Ltd, ,01/04/2015,06/04/2015,30/03/2015, , ,DIVDEND-RS 7.50 PER SHARE
EQ,INDNIPPON,India Nippon Elect Ltd,20/02/2015, , ,18/02/2015, , ,INT DIV-RS 4.50 PER SHARE
EQ,EASTSUGIND,Eastern Sug & Inds Ltd., ,17/02/2015,23/02/2015,13/02/2015, , ,Annual General Meeting   
EQ,ACC,ACC Limited, ,14/03/2015,20/03/2015,12/03/2015, , ,AGM/DIV-RS 19 PER SHARE  
EQ,NATCOPHARM,Natco Pharma Limited,25/02/2015, , ,24/02/2015, , ,INT DIV-RS 5 PER SHARE   
EQ,HITECHGEAR,Hi-Tech Gears Ltd,25/02/2015, , ,24/02/2015, , ,INT DIV-RE 1 PER SHARE   
EQ,BHEL,Bharat Heavy Elect Ltd.,18/02/2015, , ,16/02/2015, , ,INT DIV-RE 0.54 PER SHARE
EQ,NEYVELILIG,Neyveli Lignite Corp Ltd.,27/02/2015, , ,26/02/2015, , ,INT DIV-RE 1.80 PER SHARE
EQ,SAIL,Steel Authority of India,20/02/2015, , ,18/02/2015, , ,INT DIV RE 1.75 PER SHARE
EQ,CONCOR,Container Corp of India,25/02/2015, , ,24/02/2015, , ,INT DIV-RS 8 PER SHARE   
EQ,NIFTYBEES,NIFTY GOLDMAN SACHS ETF,20/02/2015, , ,18/02/2015, , ,DIVIDEND - RS 8 PER UNIT 
EQ,BANKBEES,GOLDMAN SACHS BANKING ETF,20/02/2015, , ,18/02/2015, , ,DIVIDEND-RS 13 PER UNIT  
EQ,HEXAWARE,Hexaware Technologies Lim,21/02/2015, , ,18/02/2015, , ,INT DIV-RS 2.50 PER SHARE
EQ,DICIND,DIC India Limited, ,17/03/2015,23/03/2015,13/03/2015, , ,Annual General Meeting   
EQ,SHREYAS,Shreyas Shipping & Logist,25/02/2015, , ,24/02/2015, , ,INT DIV RE 0.70 PER SHARE
EQ,PAGEIND,Page Industries Limited,19/02/2015, , ,16/02/2015, , ,INT DIV-RS 18 PER SHARE  
EQ,MANAKSIA,Manaksia Limited,20/02/2015, , ,18/02/2015, , ,INT DIV- RS 2 PER SHARE  
EQ,BANCOINDIA,Banco Products (I) Ltd,27/02/2015, , ,26/02/2015, , ,INT DIV-RE 0.50 PER SHARE
EQ,TAKE,Take Solutions Limited,20/02/2015, , ,18/02/2015, , ,INT DIV-RE 0.30 PER SHARE
EQ,BFUTILITIE,BF Utilities Limited, ,30/03/2015,30/03/2015,26/03/2015, , ,Annual General Meeting   
EQ,SELAN,Selan Exploration Technol,19/02/2015, , ,16/02/2015, , ,INT DIV-RS 5 PER SHARE   
EQ,MERCK,Merck Limited, ,06/04/2015,08/04/2015,30/03/2015, , ,AGM/DIV-RS 6 PER SHARE   
EQ,ADVANIHOTR,Advani Hotels & Resorts (,27/02/2015, , ,26/02/2015, , ,INT DIV-RE 0.30 PER SHARE
EQ,MEGH,Meghmani Organics Limited,20/02/2015, , ,18/02/2015, , ,INT DIV-RE 0.40 PER SHARE
EQ,NMDC,NMDC Limited,20/02/2015, , ,18/02/2015, , ,INT DIV-RS 4.25 PER SHARE
EQ,RECLTD,Rural Electrification Cor,20/02/2015, , ,18/02/2015, , ,INT DIV-RS 8 PER SHARE   
EQ,AMRUTANJAN,Amrutajan Health Ltd,17/02/2015, , ,13/02/2015, , ,INT DIV-RE 1.10 PER SHARE
EQ,MAYURUNIQ,Mayur Uniquoters Ltd,18/02/2015, , ,16/02/2015, , ,INT DIV-RE 0.80 PER SHARE
EQ,SJVN,SJVN Ltd,18/02/2015, , ,16/02/2015, , ,INT DIV-RE 0.63 PER SHARE
EQ,BLISSGVS,Bliss GVS Pharma Ltd,25/02/2015, , ,24/02/2015, , ,INT DIV-RE 0.20 PER SHARE
EQ,HGS,Hinduja Global Sols Ltd,20/02/2015, , ,18/02/2015, , ,INT DIV-RS 5 PER SHARE   
EQ,TRIDENT,Trident Limited,20/02/2015, , ,18/02/2015, , ,INT DIV-RE 0.30 PER SHARE
EQ,VESUVIUS,Vesuvius India Ltd,17/02/2015, , ,13/02/2015, , ,E-VOTING                 
HB,IDFC,BOND 8.7% PA Tr2 S1,06/03/2015, , ,04/03/2015, , ,INTEREST PAYMENT         
MA,SRTRANSFIN,BOND 9.57% PA SRN S-IV,13/03/2015, , ,05/03/2015,05/03/2015,12/03/2015,INTEREST PAYMENT         
MA,SRTRANSFIN,BOND 9.57% PA SRN S-IV,13/03/2015, , ,05/03/2015,05/03/2015,12/03/2015,INTEREST PAYMENT         
MB,SRTRANSFIN,BOND 9.71% PA SRN S-V,13/03/2015, , ,12/03/2015, , ,INTEREST PAYMENT         
MB,SRTRANSFIN,BOND 9.71% PA SRN S-V,13/03/2015, , ,12/03/2015, , ,INTEREST PAYMENT         
MF,UFDQIPIPVI,UTIAMC - UFDQIPIPVI,02/03/2015, , , , , ,DIV/STP                  
MF,UFDQIPIRVI,UTIAMC - UFDQIPIRVI,02/03/2015, , , , , ,DIV/STP                  
MF,SFTP78,Interval Qtr E Retail Gr,19/02/2015, , , , , ,STP                      
MF,SFTP79,Interval Qtr E Retail Div,19/02/2015, , , , , ,DIV/STP                  
MF,BSLIQPIRG,BSL IIF- QP - SI -RPG,18/02/2015, , , , , ,STP                      
MF,BSLIQPIRDP,BSL IIF- QP - SI -RPDP,18/02/2015, , , , , ,STP                      
MF,BSLIQPIIG,BSL IIF- QP - SI -IPG,18/02/2015, , , , , ,STP                      
MF,BSLIQPIIDP,BSL IIF- QP - SI -IPDP,18/02/2015, , , , , ,STP                      
MF,UTFIMIPRPI,UTI-FIIF - MIP - I - RDP,24/02/2015, , , , , ,DIV/STP                  
MF,UTFIMIPRRI,UTI-FIIF - MIP - I - RDR,24/02/2015, , , , , ,DIV/STP                  
MF,UTFIMIPRGI,UTI-FIIF - MIP - I - RG,24/02/2015, , , , , ,STP                      
MF,UTFIMIPIPI,UTI-FIIF - MIP - I - IDP,24/02/2015, , , , , ,DIV/STP                  
MF,UIQIPRRIII,UTI-FIIF QIP - III - RDR,23/02/2015, , , , , ,DIV/STP                  
MF,UIQIPRPIII,UTI-FIIF QIP - III - RDP,23/02/2015, , , , , ,DIV/STP                  
MF,UIQIPIGIII,UTI-FIIF QIP - III - IG,23/02/2015, , , , , ,STP                      
MF,UIQIPRGIII,UTI-FIIF QIP - III - RG,23/02/2015, , , , , ,STP                      
MF,UIQIPIPIII,UTI-FIIF QIP - III - IDP,23/02/2015, , , , , ,DIV/STP                  
MF,UFIQIPRGVI,UTI-FIIF II-QIP- VI-RG,02/03/2015, , , , , ,STP                      
MF,UFIQIPRRVI,UTI-FIIF II-QIP- VI-RDR,02/03/2015, , , , , ,DIV/STP                  
MF,UFIQIPRPVI,UTI-FIIF II-QIP- VI-RDP,02/03/2015, , , , , ,DIV/STP                  
MF,UDQIPIPIII,UTIAMC - UDQIPIPIII,23/02/2015, , , , , ,DIV/STP                  
MF,UDQIPIRIII,UTIAMC - UDQIPIRIII,23/02/2015, , , , , ,DIV/STP                  
MF,UDQIPIGIII,UTIAMC - UDQIPIGIII,23/02/2015, , , , , ,STP                      
MF,UFDQIPIGVI,UTIAMC - UFDQIPIGVI,02/03/2015, , , , , ,STP                      
MF,SQIFEDD,SUNDARMAMC - SQIFEDD,19/02/2015, , , , , ,DIV/STP                  
MF,SQIFEDG,SUNDARMAMC - SQIFEDG,19/02/2015, , , , , ,STP                      
MF,UTFDMIPIGI,UTIAMC - UTFDMIPIGI,24/02/2015, , , , , ,STP                      
MF,UTFDMIPIPI,UTIAMC - UTFDMIPIPI,24/02/2015, , , , , ,DIV/STP                  
MF,IDFCD1222,IDFCAMC - IDFCD1222,20/02/2015, , , , , ,DIV/REDEMPTION           
MF,IDFCD1220,IDFCAMC - IDFCD1220,20/02/2015, , , , , ,REDEMPTION               
MF,IDFC1221,IDFCAMC - IDFC1221,20/02/2015, , , , , ,DIV/REDEMPTION           
MF,IDFC1220,IDFCAMC - IDFC1220,20/02/2015, , , , , ,REDEMPTION               
MF,IPRU8481,ICICIPRAMC - IPRU8481, ,23/02/2015,23/02/2015, , , ,DIV/REDEMPTION           
MF,IPRU8480,ICICIPRAMC - IPRU8480, ,23/02/2015,23/02/2015, , , ,REDEMPTION               
MF,IPRU2281,ICICIPRAMC - IPRU2281, ,23/02/2015,23/02/2015, , , ,DIV/REDEMPTION           
MF,IPRU2280,ICICIPRAMC - IPRU2280, ,23/02/2015,23/02/2015, , , ,REDEMPTION               
MF,JP32G,JPMORGNAMC - JP32G,25/02/2015, , , , , ,REDEMPTION               
MF,JD32D,JPMORGNAMC - JD32D,25/02/2015, , , , , ,REDEMPTION               
MF,JD32G,JPMORGNAMC - JD32G,25/02/2015, , , , , ,REDEMPTION               
MF,BSLFTPKGDN,BIRLASLAMC - BSLFTPKGDN,25/02/2015, , , , , ,REDEMPTION               
MF,BSLFTPKGDG,BIRLASLAMC - BSLFTPKGDG,25/02/2015, , , , , ,REDEMPTION               
MF,BSLFTPKGRQ,BIRLASLAMC - BSLFTPKGRQ,25/02/2015, , , , , ,REDEMPTION               
MF,BSLFTPKGRN,BIRLASLAMC - BSLFTPKGRN,25/02/2015, , , , , ,REDEMPTION               
MF,BSLFTPKGRG,BIRLASLAMC - BSLFTPKGRG,25/02/2015, , , , , ,REDEMPTION               
MF,IPRU8493,ICICIPRAMC - IPRU8493, ,26/02/2015,26/02/2015, , , ,DIV/REDEMPTION           
MF,IPRU8492,ICICIPRAMC - IPRU8492, ,26/02/2015,26/02/2015, , , ,REDEMPTION               
MF,IPRU2293,ICICIPRAMC - IPRU2293, ,26/02/2015,26/02/2015, , , ,DIV/REDEMPTION           
MF,IPRU2292,ICICIPRAMC - IPRU2292, ,26/02/2015,26/02/2015, , , ,REDEMPTION               
MF,H369F29RF2,HDFCAMC - H369F29RF2,23/02/2015, , , , , ,REDEMPTION               
MF,H369F29RQ2,HDFCAMC - H369F29RQ2,23/02/2015, , , , , ,REDEMPTION               
MF,H369F29RD2,HDFCAMC - H369F29RD2,23/02/2015, , , , , ,REDEMPTION               
MF,H369F29RG2,HDFCAMC - H369F29RG2,23/02/2015, , , , , ,REDEMPTION               
MF,H369F29DF2,HDFCAMC - H369F29DF2,23/02/2015, , , , , ,REDEMPTION               
MF,H369F29DQ2,HDFCAMC - H369F29DQ2,23/02/2015, , , , , ,REDEMPTION               
MF,H369F29DD2,HDFCAMC - H369F29DD2,23/02/2015, , , , , ,REDEMPTION               
MF,H369F29DG2,HDFCAMC - H369F29DG2,23/02/2015, , , , , ,REDEMPTION               
MF,H371F29RD2,HDFCAMC - H371F29RD2,02/03/2015, , , , , ,REDEMPTION               
MF,H371F29RG2,HDFCAMC - H371F29RG2,02/03/2015, , , , , ,REDEMPTION               
MF,H371F29DQ2,HDFCAMC - H371F29DQ2,02/03/2015, , , , , ,REDEMPTION               
MF,H371F29DG2,HDFCAMC - H371F29DG2,02/03/2015, , , , , ,REDEMPTION               
MF,IPRU8494,ICICIPRAMC - IPRU8494,24/02/2015, , , , , ,STP                      
MF,IPRU2295,ICICIPRAMC - IPRU2295,24/02/2015, , , , , ,DIV/STP                  
MF,IPRU2294,ICICIPRAMC - IPRU2294,24/02/2015, , , , , ,STP                      
MF,URFRXVII16,UTIAMC - URFRXVII16,05/03/2015, , , , , ,DIV/REDEMPTION           
MF,URGRXVII16,UTIAMC - URGRXVII16,05/03/2015, , , , , ,REDEMPTION               
MF,URMPXVII16,UTIAMC - URMPXVII16,05/03/2015, , , , , ,DIV/REDEMPTION           
MF,URAPXVII16,UTIAMC - URAPXVII16,05/03/2015, , , , , ,DIV/REDEMPTION           
MF,URQRXVII16,UTIAMC - URQRXVII16,05/03/2015, , , , , ,DIV/REDEMPTION           
MF,URQPXVII16,UTIAMC - URQPXVII16,05/03/2015, , , , , ,DIV/REDEMPTION           
MF,UDFRXVII16,UTIAMC - UDFRXVII16,05/03/2015, , , , , ,DIV/REDEMPTION           
MF,UDFPXVII16,UTIAMC - UDFPXVII16,05/03/2015, , , , , ,DIV/REDEMPTION           
MF,UDGRXVII16,UTIAMC - UDGRXVII16,05/03/2015, , , , , ,REDEMPTION               
MF,UDMPXVII16,UTIAMC - UDMPXVII16,05/03/2015, , , , , ,DIV/REDEMPTION           
MF,UDARXVII16,UTIAMC - UDARXVII16,05/03/2015, , , , , ,DIV/REDEMPTION           
MF,UDQRXVII16,UTIAMC - UDQRXVII16,05/03/2015, , , , , ,DIV/REDEMPTION           
MF,UDQPXVII16,UTIAMC - UDQPXVII16,05/03/2015, , , , , ,DIV/REDEMPTION           
MF,IPRU8485,ICICIPRAMC IPRU8485, ,20/02/2015,20/02/2015, , , ,DIV/REDEMPTION           
MF,IPRU8484,ICICIPRAMC IPRU8484, ,20/02/2015,20/02/2015, , , ,REDEMPTION               
MF,IPRU2285,ICICIPRAMC IPRU2285, ,20/02/2015,20/02/2015, , , ,DIV/REDEMPTION           
MF,IPRU2284,ICICIPRAMC IPRU2284, ,20/02/2015,20/02/2015, , , ,REDEMPTION               
MF,DWSFMP50DG,DEUTSCHAMC - DWSFMP50DG,26/02/2015, , , , , ,REDEMPTION               
MF,DWSFMP50RG,DEUTSCHAMC - DWSFMP50RG,26/02/2015, , , , , ,REDEMPTION               
MF,BSLFTPKFDG,BIRLASLAMC - BSLFTPKFDG,20/02/2015, , , , , ,REDEMPTION               
MF,BSLFTPKFRQ,BIRLASLAMC - BSLFTPKFRQ,20/02/2015, , , , , ,REDEMPTION               
MF,BSLFTPKFRN,BIRLASLAMC - BSLFTPKFRN,20/02/2015, , , , , ,REDEMPTION               
MF,BSLFTPKFRG,BIRLASLAMC - BSLFTPKFRG,20/02/2015, , , , , ,REDEMPTION               
MF,URQRXVII13,UTIAMC - URQRXVII13,18/02/2015, , , , , ,DIV/REDEMPTION           
MF,URQPXVII13,UTIAMC - URQPXVII13,18/02/2015, , , , , ,DIV/REDEMPTION           
MF,URMDXVII13,UTIAMC - URMDXVII13,18/02/2015, , , , , ,DIV/REDEMPTION           
MF,URGRXVII13,UTIAMC - URGRXVII13,18/02/2015, , , , , ,REDEMPTION               
MF,UDQRXVII13,UTIAMC - UDQRXVII13,18/02/2015, , , , , ,DIV/REDEMPTION           
MF,UDQPXVII13,UTIAMC - UDQPXVII13,18/02/2015, , , , , ,DIV/REDEMPTION           
MF,UDGRXVII13,UTIAMC - UDGRXVII13,18/02/2015, , , , , ,REDEMPTION               
MF,UDFPXVII13,UTIAMC - UDFPXVII13,18/02/2015, , , , , ,DIV/REDEMPTION           
MF,PB12DPT368,PPNBAMC - PB12DPT368,23/02/2015, , , , , ,DIV/REDEMPTION           
MF,PB12DGT368,PPNBAMC - PB12DGT368,23/02/2015, , , , , ,REDEMPTION               
MF,PB12RGT368,PPNBAMC - PB12RGT368,23/02/2015, , , , , ,REDEMPTION               
MF,DWSFMP48DG,DEUTSCHAMC - DWSFMP48DG,23/02/2015, , , , , ,REDEMPTION               
MF,DWSFMP48DQ,DEUTSCHAMC - DWSFMP48DQ,23/02/2015, , , , , ,DIV/REDEMPTION           
MF,DWSFMP48RG,DEUTSCHAMC - DWSFMP48RG,23/02/2015, , , , , ,REDEMPTION               
N1,MANAPPURAM,Bonds SRNCD S-I,20/02/2015, , , , , ,REDEMPTION               
N1,IIHFL,11.52% Sec Rede NCD Opt I,19/02/2015, , ,16/02/2015, , ,INTEREST PAYMENT         
N1,NHBTF2023,BOND 6.82% PA Tax Free S1,11/03/2015, , ,10/03/2015, , ,INTEREST PAYMENT         
N2,MANAPPURAM,Bonds SRNCD 11.50%  Sr-II,18/02/2015, , ,16/02/2015, , ,INTEREST PAYMENT         
N2,IIHFL,IIHFL 12.00 NCD Opt I,20/02/2015, , ,18/02/2015, , ,INTEREST PAYMENT         
N2,HUDCO,8.20 NCD05MAR27 FV 1000,18/02/2015, , ,16/02/2015, , ,INTEREST PAYMENT         
N2,NHBTF2023,NHB 8.25 NCD Tr II Sr 1 A,09/03/2015, , ,05/03/2015, , ,INTEREST PAYMENT         
N3,NHAI,8.27% Tax Free Tr I S IA,28/02/2015, , ,26/02/2015, , ,INTEREST PAYMENT         
N3,NHBTF2023,NHB 8.68 NCD Tr II Sr 2 A,09/03/2015, , ,05/03/2015, , ,INTEREST PAYMENT         
N3,HUDCO,8.10 NCD 05MAR22 FV 1000,18/02/2015, , ,16/02/2015, , ,INTEREST PAYMENT         
N4,ICIBK1107,Regular Income Bond B-2,15/03/2015, , ,12/03/2015, , ,INTEREST PAYMENT         
N4,NHBTF2023,NHB 8.65 NCD Tr II Sr 3 A,09/03/2015, , ,05/03/2015, , ,INTEREST PAYMENT         
N4,NHAI,8.52% Tax Free Tr I S IB,28/02/2015, , ,26/02/2015, , ,INTEREST PAYMENT         
N5,IIFLFIN,NCD 12.75% PA UNS O1,25/02/2015, , ,24/02/2015, , ,INTEREST PAYMENT         
N5,NHBTF2023,NHB 8.50 NCD Tr II Sr 1 B,09/03/2015, , ,05/03/2015, , ,INTEREST PAYMENT         
N5,MANAPPURAM,Bonds SRNCD 12.25% Sr-V,18/02/2015, , ,16/02/2015, , ,INTEREST PAYMENT         
N5,NHAI,8.50% Tax Free Tr I S IIA,28/02/2015, , ,26/02/2015, , ,INTEREST PAYMENT         
N6,HUDCO,BOND 7.03% PA Tax Free S1,13/03/2015, , ,12/03/2015, , ,INTEREST PAYMENT         
N6,NHBTF2023,NHB 8.93 NCD Tr II Sr 2 B,09/03/2015, , ,05/03/2015, , ,INTEREST PAYMENT         
N6,NHAI,8.75% Tax Free Tr I S IIB,28/02/2015, , ,26/02/2015, , ,INTEREST PAYMENT         
N7,NHBTF2023,NHB 8.90 NCD Tr II Sr 3 B,09/03/2015, , ,05/03/2015, , ,INTEREST PAYMENT         
N7,HUDCO,BOND 7.19% PA Tax Free S2,13/03/2015, , ,12/03/2015, , ,INTEREST PAYMENT         
N8,MANAPPURAM,Bonds SRNCD 11.50%Sr-VIII,18/02/2015, , ,16/02/2015, , ,INTEREST PAYMENT         
N8,IIFLFIN,12% Sec Rede NCD Opt I,20/02/2015, , ,18/02/2015, , ,INTEREST PAYMENT         
NA,IIFLFIN,12% Sec Rede NCD Opt III,20/02/2015, , ,18/02/2015, , ,INTEREST PAYMENT         
NB,IDFC,BOND 8.7% PA Tr2 S1,06/03/2015, , ,04/03/2015, , ,INTEREST PAYMENT         
ND,MANAPPURAM,Bonds SRNCD 11.50% Sr-II,18/02/2015, , ,16/02/2015, , ,INTEREST PAYMENT         
NE,IFCI,9.40 % SRNCD Sr III,24/03/2015, , ,23/03/2015, , ,INTEREST PAYMENT         
NE,IFCI,9.40 % SRNCD Sr III,20/02/2015, , ,18/02/2015, , ,INTEREST PAYMENT         
NG,MANAPPURAM,Bonds SRNCD 12.25% Sr-V,18/02/2015, , ,16/02/2015, , ,INTEREST PAYMENT         
NJ,MANAPPURAM,Bonds SRNCD11.50%Sr VIII,18/02/2015, , ,16/02/2015, , ,INTEREST PAYMENT         
NL,SREINFRA,BOND 10.70% PA SNSIC-I&II,19/02/2015, , ,16/02/2015, , ,INTEREST PAYMENT         
NM,SREINFRA,BOND 11.40% PA SN SIC-III,19/02/2015, , ,16/02/2015, , ,INTEREST PATMENT         
NQ,SREINFRA,BOND 10.95% PASNSIVC-I&II,19/02/2015, , ,16/02/2015, , ,INTEREST PAYMENT         
NR,SREINFRA,BOND 11.40% PA SNSIVC-III,19/02/2015, , ,16/02/2015, , ,INTEREST PAYMENT         
NX,SRTRANSFIN,BOND 9.40% PA SIII,13/03/2015, , ,12/03/2015, , ,INTEREST PAYMENT         
U1,MANAPPURAM,Bonds SRNCD S-I,20/02/2015, , ,11/02/2015,11/02/2015,19/02/2015,REDEMPTION               
U1,IIHFL,11.52% Sec Rede NCD Opt I,19/02/2015, , ,16/02/2015, , ,INTEREST PAYMENT         
U1,NHBTF2023,BOND 6.82% PA Tax Free S1,11/03/2015, , ,10/03/2015, , ,INTEREST PAYMENT         
U2,HUDCO,8.20 NCD 05MAR27 FV 1000,18/02/2015, , ,16/02/2015, , ,INTEREST PAYMENT         
U2,MANAPPURAM,Bonds SRNCD 11.50%  Sr-II,18/02/2015, , ,16/02/2015, , ,INTEREST PAYMENT         
U2,NHBTF2023,NHB 8.25 NCD Tr II Sr 1 A,09/03/2015, , ,05/03/2015, , ,INTEREST PAYMENT         
U2,IIHFL,IIHFL 12.00 NCD Opt I,20/02/2015, , ,18/02/2015, , ,INTEREST PAYMENT         
U3,NHBTF2023,NHB 8.68 NCD Tr II Sr 2 A,09/03/2015, , ,05/03/2015, , ,INTEREST PAYMENT         
U3,HUDCO,8.10 NCD 05MAR22 FV 1000,18/02/2015, , ,16/02/2015, , ,INTEREST PAYMENT         
U3,NHAI,8.27% Tax Free Tr I S IA,28/02/2015, , ,26/02/2015, , ,INTEREST PAYMENT         
U4,ICIBK1107,Regular Income BondB-2,15/03/2015, , ,12/03/2015, , ,INTEREST PAYMENT         
U4,NHAI,8.52% Tax Free Tr I S IB,28/02/2015, , ,26/02/2015, , ,INTEREST PAYMENT         
U4,NHBTF2023,NHB 8.65 NCD Tr II Sr 3 A,09/03/2015, , ,05/03/2015, , ,INTEREST PAYMENT         
U5,IIFLFIN,NCD 12.75% PA UNS O1,25/02/2015, , ,24/02/2015, , ,INTEREST PAYMENT         
U5,NHAI,8.50% Tax Free Tr I S IIA,28/02/2015, , ,26/02/2015, , ,INTEREST PAYMENT         
U5,MANAPPURAM,Bonds SRNCD 12.25% Sr-V,18/02/2015, , ,16/02/2015, , ,INTEREST PAYMENT         
U5,NHBTF2023,NHB 8.50 NCD Tr II Sr 1 B,09/03/2015, , ,05/03/2015, , ,INTEREST PAYMENT         
U6,NHAI,8.75% Tax Free Tr I S IIB,28/02/2015, , ,26/02/2015, , ,INTEREST PAYMENT         
U6,NHBTF2023,NHB 8.93 NCD Tr II Sr 2 B,09/03/2015, , ,05/03/2015, , ,INTEREST PAYMENT         
U6,HUDCO,BOND 7.03% PA Tax Free S1,13/03/2015, , ,12/03/2015, , ,INTEREST PAYMENT         
U7,HUDCO,BOND 7.19% PA Tax Free S2,13/03/2015, , ,12/03/2015, , ,INTEREST PAYMENT         
U7,NHBTF2023,NHB 8.90 NCD Tr II Sr 3 B,09/03/2015, , ,05/03/2015, , ,INTEREST PAYMENT         
U8,IIFLFIN,12% Sec Rede NCD Opt I,20/02/2015, , ,18/02/2015, , ,INTEREST PAYMENT         
U8,MANAPPURAM,Bonds SRNCD 11.50%Sr-VIII,18/02/2015, , ,16/02/2015, , ,INTEREST PAYMENT         
UA,IIFLFIN,12% Sec Rede NCD Opt III,20/02/2015, , ,18/02/2015, , ,INTEREST PAYMENT         
UB,IDFC,BOND 8.7% PA Tr2 S1,06/03/2015, , ,04/03/2015, , ,INTEREST PAYMENT         
UD,MANAPPURAM,Bonds SRNCD 11.50% Sr-II,18/02/2015, , ,16/02/2015, , ,INTEREST PAYMENT         
UE,IFCI,9.40 % SRNCD Sr III,24/03/2015, , ,23/03/2015, , ,INTEREST PAYMENT         
UE,IFCI,9.40 % SRNCD Sr III,20/02/2015, , ,18/02/2015, , ,INTEREST PAYMENT         
UG,MANAPPURAM,Bonds SRNCD 12.25% Sr-V,18/02/2015, , ,16/02/2015, , ,INTEREST PAYMENT         
UJ,MANAPPURAM,Bonds SRNCD11.50%Sr VIII,18/02/2015, , ,16/02/2015, , ,INTEREST PAYMENT         
UL,SREINFRA,BOND 10.70% PA SNSIC-I&II,19/02/2015, , ,16/02/2015, , ,INTEREST PAYMENT         
UM,SREINFRA,BOND 11.40% PA SNSIC-III,19/02/2015, , ,16/02/2015, , ,INTEREST PATMENT         
UQ,SREINFRA,BOND 10.95% PASNSIVC-I&II,19/02/2015, , ,16/02/2015, , ,INTEREST PAYMENT         
UR,SREINFRA,BOND 11.40% PA SNSIVC-III,19/02/2015, , ,16/02/2015, , ,INTEREST PAYMENT         
UX,SRTRANSFIN,BOND 9.40% PA SIII,13/03/2015, , ,12/03/2015, , ,INTEREST PAYMENT         
YA,SRTRANSFIN,BOND 9.57% PA SRN S-IV,13/03/2015, , ,12/03/2015, , ,INTEREST PAYMENT         
YB,SRTRANSFIN,BOND 9.71% PA SRN S-V,13/03/2015, , ,12/03/2015, , ,INTEREST PAYMENT         

