SYMBOL,SERIES,SECURITY,HIGH/LOW,INDEX FLAG
AGRITECH,BE,AGRI-TECH (INDIA) LIMITED,H
ALKALI,EQ,ALKALI METALS LTD,H
ALPA,BE,ALPA LABORATORIES LTD,H
APOLSINHOT,BE,APOLLO SINDOORI HOTEL LTD,H
ARROWTEX,EQ,ARROW TEXTILES LIMITED,H
ARSHIYA,EQ,ARSHIYA LIMITED,H
ATNINTER,EQ,ATN INTERNATIONAL LTD,H
AUSTRAL,EQ,AUSTRAL COKE & PRO LTD,H
BILENERGY,EQ,BIL ENERGY SYSTEMS LTD,H
BIRLAPOWER,BZ,BIRLA POWER SOL. LTD,H
BSELINFRA,EQ,BSEL INFRASTRUCTURE REALT,H
CAPLIPOINT,EQ,CAPLIN POINT LAB LTD.,H
CEREBRAINT,EQ,CEREBRA INT TECH LTD,H
CHROMATIC,EQ,CHROMATIC INDIA LTD,H
CTE,EQ,CAMBRIDGE TECH ENTER LTD,H
CUBEXTUB,BE,CUBEXTUBINGS-ROLLSETT,H
DBREALTY,EQ,D B REALTY LIMITED,H
DYNATECH,EQ,DYNACONS TECHNOLOGIES LTD,H
FARMAXIND,EQ,FARMAX INDIA LTD,H
FCSSOFT,BE,FCS SOFTWARE SOLN. LTD.,H
GLODYNE,BE,GLODYNE TECHNOSERVE LTD.,H
GOENKA,BZ,GOENKA DIAMOND&JEWELS LTD,H
IMPEXFERRO,EQ,IMPEX FERRO TECH LIMITED,H
INDOSOLAR,EQ,INDOSOLAR LIMITED,H
INDOWIND,BE,INDOWIND ENERGY LTD,H
INDSWFTLTD,BE,IND-SWIFT LIMITED,H
INFINITE,EQ,INFINITE COMPUTER SOL LTD,H
ISFT,BE,INTRASOFT TECH. LTD,H
JENSONICOL,EQ,JENSON & NICHOLSON (IND),H
KFA,BZ,KINGFISHER AIRLINES LTD,H
KGL,EQ,KARUTURI GLOBAL LIMITED,H
KSERASERA,EQ,KSS LIMITED,H
LYKALABS,EQ,LYKA LABS LTD,H
MADHUCON,EQ,MADHUCON PROJECTS LTD.,H
MANAKSIA,EQ,MANAKSIA LTD.,H
MELSTAR,EQ,MELSTAR INFORMATION TECH,H
MUKTAARTS,EQ,MUKTA ARTS LIMITED,H
MURLIIND,BE,MURLI INDUST. LTD.,H
NATHBIOGEN,BE,NATH BIO-GENES (I) LTD,H
NCOPPER,EQ,NISSAN COPPER LIMITED,H
NEPCMICON,BE,NEPC INDIA LTD,H
PAEL,EQ,PAE LIMITED,H
PETRONENGG,EQ,PETRON ENGG CONSTRUCT LTD,H
POCHIRAJU,EQ,POCHIRAJU IND LTD,H
PRAKASHCON,EQ,PRAKASH CONSTROWELL LTD,H
PRIMESECU,EQ,PRIME SECURITIES LIMITED,H
RAJOIL,BE,RAJ OIL MILLS LTD,H
RAJRAYON,EQ,RAJ RAYON INDUSTRIES LTD,H
RASOYPR,EQ,RASOYA PROTEINS LTD,H
REFEX,EQ,REFEX INDUSTRIES LIMITED,H
REIAGROLTD,EQ,REI AGRO LIMITED,H
REPRO,EQ,REPRO INDIA LIMITED,H
SAMBHAAV,EQ,SAMBHAAV MEDIA LTD,H
SEZAL,EQ,SEZAL GLASS LIMITED,H
SFCL,EQ,STAR FERRO & CEMENT LTD.,H
SGFL,BE,SHREE GANESH FORG. LTD,H
SHREYAS,BE,SHREYAS SHIPPING & LOGIST,H
SKIL,EQ,SKIL INFRASTRUCTURE LTD.,H
SRHHYPOLTD,EQ,SREE RAYALSEEMA HHP LTD.,H
STERLINBIO,EQ,STERLING BIOTECH LTD,H
STINDIA,EQ,STI INDIA LTD,H
SUNDARAM,BE,SUNDARAM MULTI PAP LTD,H
SURYAPHARM,BZ,SURYA PHARMACEUTICAL LTD.,H
SUZLON,EQ,SUZLON ENERGY LIMITED,H
TFL,EQ,TRANSWARRANTY FIN. LTD.,H
TIMBOR,BE,TIMBOR HOME LIMITED,H
TULIP,BZ,TULIP TELECOM LIMITED,H
VARUNSHIP,BZ,VARUN SHIPPING LTD,H
VISESHINFO,BE,VISESH INFOTECNICS LTD,H
VKSPL,EQ,VKS PROJECTS LIMITED,H
WANBURY,BE,WANBURY LIMITED,H
WEBELSOLAR,EQ,WEBSOL ENERGY SYSTEM LTD,H
ACROPETAL,BE,ACROPETAL TECH LTD,L
AFTEK,BE,AFTEK LIMITED - ROLL SETT,L
ALMONDZ,EQ,ALMONDZ GLOBAL SEC LTD,L
BANG,EQ,BANG OVERSEAS LTD.,L
BHARTISHIP,BZ,BHARATI SHIPYARD LTD.,L
BILENERGY,EQ,BIL ENERGY SYSTEMS LTD,L
BIRLACOT,EQ,BIRLA COTSYN LTD,L
BRANDHOUSE,EQ,BRANDHOUSE RETAILS LTD,L
BROADCAST,EQ,BROADCAST INITIAT LTD,L
CLASSIC,BE,CLASSIC DIAMONDS (I) LTD,L
DECOLIGHT,BE,DECOLIGHT CERAMICS LTD.,L
ERAINFRA,BE,ERA INFRA ENGINEERING LTD,L
EUROCERA,EQ,EURO CERAMICS LTD,L
GENUSPAPER,BE,GENUS P&B LIMITED,L
GLODYNE,BE,GLODYNE TECHNOSERVE LTD.,L
IMPEXFERRO,EQ,IMPEX FERRO TECH LIMITED,L
JAINSTUDIO,BE,JAIN STUDIOS LIMITED,L
JCTEL,EQ,JCT ELE. LTD,L
KARMAENG,EQ,KARMA ENERGY LIMITED,L
KITPLYIND,BZ,KITPLY INDUSTRIES LTD,L
KSERASERA,EQ,KSS LIMITED,L
LCCINFOTEC,EQ,LCC INFOTECH LTD,L
MEGASOFT,EQ,MEGASOFT LTD,L
MUDRA,EQ,MUDRA LIFESTYLE LTD,L
MVL,EQ,MVL LIMITED,L
NAKODA,EQ,NAKODA LIMITED,L
NCOPPER,EQ,NISSAN COPPER LIMITED,L
NEPCMICON,BE,NEPC INDIA LTD,L
NICCO,EQ,NICCO CORP LTD,L
PARACABLES,EQ,PARAMOUNT COMM LTD,L
PBAINFRA,EQ,PBA INFRASTRUCTURE LTD.,L
PIONEEREMB,EQ,PIONEER EMBROIDERIES LTD,L
PRAKASHCON,EQ,PRAKASH CONSTROWELL LTD,L
RAJOIL,BE,RAJ OIL MILLS LTD,L
RAMSARUP,BE,RAMSARUP INDUSTRIES LTD.,L
RASOYPR,EQ,RASOYA PROTEINS LTD,L
REFEX,EQ,REFEX INDUSTRIES LIMITED,L
SAMTEL,EQ,SAMTEL COLOR LTD,L
SEZAL,EQ,SEZAL GLASS LIMITED,L
SGFL,BE,SHREE GANESH FORG. LTD,L
SHARONBIO,EQ,SHARON BIO-MEDI LTD,L
SHLAKSHMI,BE,SHRI LAKSHMI COTSYN LTD,L
SPYL,EQ,SHEKHAWATI POLY-YARN LTD.,L
SUNDARAM,BE,SUNDARAM MULTI PAP LTD,L
SUPREMETEX,BE,SUPREME TEX MART LIMITED,L
SURYAPHARM,BZ,SURYA PHARMACEUTICAL LTD.,L
TIMBOR,BE,TIMBOR HOME LIMITED,L
TRICOM,EQ,TRICOM INDIA LIMITED,L
UBENGG,BZ,UB ENGINEERING LTD,L
UNIPLY,EQ,UNIPLY INDUSTRIES LIMITED,L
V2RETAIL,BE,V2 RETAIL LIMITED,L
VASWANI,EQ,VASWANI IND LTD,L
VLSFINANCE,EQ,VLS FINANCE LTD,L
