GAIN_LOSS,SECURITY,CLOSE_PRIC,PREV_CL_PR,PERCENT_CG
 ,CNX Nifty Sec., , , 
 , , , , 
G,ITC LTD,389.6,378.05,3.06
G,NMDC LTD.,146,142.35,2.56
G,TATA CONSULTANCY SERV LT,2584.8,2538.75,1.81
G,BHARTI AIRTEL LIMITED,361.35,355,1.79
G,HINDUSTAN UNILEVER LTD.,907,892.8,1.59
G,HDFC LTD,1288,1268.65,1.53
G,TATA MOTORS LIMITED,574.15,565.55,1.52
G,MAHINDRA & MAHINDRA LTD,1210.45,1192.55,1.5
G,ASIAN PAINTS LIMITED,834.15,826.75,0.9
G,TATA STEEL LIMITED,369.8,366.55,0.89
G,POWER GRID CORP. LTD.,152.75,151.5,0.83
G,CIPLA LTD,671.55,667.25,0.64
G,NTPC LTD,144,143.25,0.52
G,TECH MAHINDRA LIMITED,2899.55,2886.55,0.45
G,GAIL (INDIA) LTD,406,404.2,0.45
G,AMBUJA CEMENTS LTD,266.2,265.1,0.41
G,OIL AND NATURAL GAS CORP.,340.45,339.55,0.27
G,DR. REDDY'S LABORATORIES,3351.25,3343.95,0.22
G,DLF LIMITED,155.5,155.2,0.19
G,HDFC BANK LTD,1067.55,1065.8,0.16
G,BHARAT PETROLEUM CORP  LT,725.85,724.9,0.13
G,WIPRO LTD,661.5,660.7,0.12
G,BHEL,259.55,259.35,0.08
G,BAJAJ AUTO LIMITED,2261.85,2260.8,0.05
 , , , , 
L,SUN PHARMACEUTICALS IND.,914.75,940.55,-2.74
L,AXIS BANK LIMITED,570.3,581.1,-1.86
L,HINDALCO  INDUSTRIES  LTD,150.95,153.55,-1.69
L,ICICI BANK LTD.,338.05,343.85,-1.69
L,HERO MOTOCORP LIMITED,2805,2852.9,-1.68
L,RELIANCE INDUSTRIES LTD,902.8,917.5,-1.6
L,INDUSIND BANK LIMITED,862.9,875.35,-1.42
L,KOTAK MAHINDRA BANK LTD,1292.45,1309.5,-1.3
L,IDFC LIMITED,171.05,173.3,-1.3
L,MARUTI SUZUKI INDIA LTD.,3572.1,3616.95,-1.24
L,CAIRN INDIA LIMITED,255.35,258.2,-1.1
L,ULTRATECH CEMENT LIMITED,3078.8,3112.5,-1.08
L,LUPIN LIMITED,1662.25,1679.45,-1.02
L,ZEE ENTERTAINMENT ENT LTD,360.3,363.9,-0.99
L,LARSEN & TOUBRO LTD.,1648.45,1662.15,-0.82
L,INFOSYS LIMITED,2278.75,2296.1,-0.76
L,ACC LIMITED,1614.45,1625.05,-0.65
L,PUNJAB NATIONAL BANK,166.65,167.65,-0.6
L,HCL TECHNOLOGIES LTD,1984.85,1992.95,-0.41
L,TATA POWER CO LTD,84.1,84.4,-0.36
L,SESA STERLITE LIMITED,211.55,212.2,-0.31
L,COAL INDIA LTD,377.05,377.85,-0.21
L,GRASIM INDUSTRIES LTD,3855.25,3859.95,-0.12
L,BANK OF BARODA,182.75,182.95,-0.11
L,STATE BANK OF INDIA,306.7,306.95,-0.08
L,JINDAL STEEL & POWER LTD,152.15,152.25,-0.07
 , , , , 
 ,CNX Nifty Junior Sec., , , 
 , , , , 
G,RELIANCE COMMUNICATIONS L,75.1,72.05,4.23
G,RURAL ELEC CORP. LTD.,338.35,325.7,3.88
G,BHARTI INFRATEL LTD.,370.25,358.85,3.18
G,BOSCH LIMITED,25604.1,24946.45,2.64
G,POWER FIN CORP LTD.,281.7,274.7,2.55
G,SIEMENS LTD,1233.9,1203.7,2.51
G,EXIDE INDUSTRIES LTD,180.25,176.35,2.21
G,IDEA CELLULAR LIMITED,158.05,154.65,2.2
G,RELIANCE POWER LTD.,60,59.2,1.35
G,RELIANCE INFRASTRUCTU LTD,450.6,446.7,0.87
G,GLENMARK PHARMACEUTICALS,770.5,766.4,0.53
G,JSW STEEL LIMITED,991.2,986,0.53
G,COLGATE PALMOLIVE LTD.,1918.05,1910.5,0.4
G,APOLLO HOSPITALS ENTER. L,1298.65,1297.4,0.1
 , , , , 
L,HINDUSTAN PETROLEUM CORP,597.1,626,-4.62
L,UNITED BREWERIES LTD,967.35,1010.3,-4.25
L,SHRIRAM TRANSPORT FIN CO.,1221.4,1260,-3.06
L,ORACLE FIN SERV SOFT LTD.,3353.55,3443.4,-2.61
L,PETRONET LNG LIMITED,182.9,187.6,-2.51
L,YES BANK LIMITED,815.65,835.05,-2.32
L,TITAN COMPANY LIMITED,417.5,426.7,-2.16
L,DABUR INDIA LTD,266.85,272.25,-1.98
L,RELIANCE CAPITAL LTD,454.4,463.25,-1.91
L,BAJAJ FINSERV LTD.,1483.5,1510.85,-1.81
L,TATA CHEMICALS LTD,458.55,466.55,-1.71
L,LIC HOUSING FINANCE LTD,462.65,470.15,-1.6
L,MOTHERSON SUMI SYSTEMS LT,461.8,468.85,-1.5
L,CANARA BANK,410.45,416.55,-1.46
L,CROMPTON GREAVES LTD,171.8,174.35,-1.46
L,TATA GLOBAL BEVERAGES LTD,155.15,157.4,-1.43
L,AUROBINDO PHARMA LTD,1103.45,1118.8,-1.37
L,EICHER MOTORS LTD,16051.1,16267.4,-1.33
L,ADANI ENTERPRISES LIMITED,663,671.9,-1.32
L,UNION BANK OF INDIA,179.3,181.55,-1.24
L,ADANI PORT & SEZ LTD,331.25,335.35,-1.22
L,CUMMINS INDIA LTD,899.15,909.75,-1.17
L,BHARAT FORGE LTD,1175.25,1188.15,-1.09
L,ADITYA BIRLA NUVO LIMITED,1806.25,1824.2,-0.98
L,BAJAJ HOLDINGS & INVS LTD,1376.8,1389.7,-0.93
L,DIVI'S LABORATORIES LTD,1640.75,1653,-0.74
L,UPL LIMITED,426.45,429.6,-0.73
L,FEDERAL BANK LTD,139,139.95,-0.68
L,GODREJ CONSUMER PRODUCTS,1170.75,1177.85,-0.6
L,GLAXOSMITHKLINE PHARMA LT,3247.6,3266.4,-0.58
 , , , , 
 ,OTHER SECURITIES, , , 
 , , , , 
G,VKS PROJECTS LIMITED,0.25,0.2,25
G,INFINITE COMPUTER SOL LTD,182.7,152.25,20
G,POCHIRAJU IND LTD,49.8,41.5,20
G,KARUTURI GLOBAL LIMITED,1.5,1.25,20
G,PETRON ENGG CONSTRUCT LTD,196.8,164,20
G,REPRO INDIA LIMITED,340.1,283.45,19.99
G,MANAKSIA LTD.,57.95,48.3,19.98
G,STAR FERRO & CEMENT LTD.,125.3,104.45,19.96
G,SUZLON ENERGY LIMITED,23,19.2,19.79
G,PRIME SECURITIES LIMITED,5.9,4.95,19.19
G,STERLING BIOTECH LTD,6.9,5.8,18.97
G,BARAK VALLEY CEM. LTD.,14.8,12.65,17
G,TATA ELXSI LIMITED,1012.15,869.7,16.38
G,MADHUCON PROJECTS LTD.,42.25,36.8,14.81
G,TIJARIA POLYPIPES LTD,3.5,3.05,14.75
G,DYNAMATIC TECHNOLOGIES,2473.45,2159.35,14.55
G,CEAT LIMITED,816.7,718.65,13.64
G,NOESIS INDUSTRIES LIMITED,0.45,0.4,12.5
G,GLOBAL VEC HELICORP LTD,50.5,45.1,11.97
G,ORBIT CORP. LTD.,14.7,13.15,11.79
G,D-LINK INDIA LTD,189,169.4,11.57
G,BSEL INFRASTRUCTURE REALT,2.9,2.6,11.54
G,DHANUKA AGRITECH LTD,575.5,517.05,11.3
G,11.75% SEC RED NCD SR V,999,899.05,11.12
G,CHROMATIC INDIA LTD,4.1,3.7,10.81
G,UNITECH LTD,18.5,16.7,10.78
G,HCL INFOSYSTEMS LTD,51,46.15,10.51
G,JENSON & NICHOLSON (IND),5.55,5.05,9.9
G,WEBSOL ENERGY SYSTEM LTD,32.2,29.3,9.9
 , , , , 
L,BOND 11.10% PA OTH O1,1031,1279.99,-19.45
L,ALMONDZ GLOBAL SEC LTD,10.1,12.3,-17.89
L,MITCON CON & ENG SERV LTD,41.25,50,-17.5
L,BLUE CHIP INDIA LIMITED,0.25,0.3,-16.67
L,SHEKHAWATI POLY-YARN LTD.,1.25,1.45,-13.79
L,GRP LIMITED,1452.05,1662.1,-12.64
L,JAGSONPAL PHARMACEUTICALS,25.65,29.35,-12.61
L,TODAYS WRITING INSTRUMENT,2.1,2.4,-12.5
L,LCC INFOTECH LTD,0.35,0.4,-12.5
L,CESC LTD,610.85,696.25,-12.27
L,DIAMOND POWER INFRA LTD,55.9,63.35,-11.76
L,ALLIED DIGITAL SERV. LTD,22.8,25.75,-11.46
L,ARVIND REMEDIES LIMITED,17.2,19.35,-11.11
L,SYNCOM HEALTHCARE LTD,6.5,7.3,-10.96
L,TANTIA CONST LTD,19.95,22.15,-9.93
L,KARMA ENERGY LIMITED,25.6,28.4,-9.86
L,GOKALDAS EXPORTS LTD.,51,56.55,-9.81
L,MEGASOFT LTD,5.65,6.25,-9.6
L,ELECTROSTEEL STEELS LTD,3.85,4.25,-9.41
L,VASWANI IND LTD,3.4,3.75,-9.33
L,SERVALAKSHMI PAPER LTD,2.95,3.25,-9.23
L,SAMTEL COLOR LTD,1,1.1,-9.09
L,GREEN FIRE AGRI COMM LTD,0.5,0.55,-9.09
L,MUDRA LIFESTYLE LTD,11.7,12.85,-8.95
L,K M SUGAR MILLS LTD,3.2,3.5,-8.57
L,PRAKASH CONSTROWELL LTD,2.15,2.35,-8.51
L,JCT ELE. LTD,0.55,0.6,-8.33
L,SHAH ALLOYS LIMITED,5,5.45,-8.26
L,AARVEE DEN. & EXP. LTD,48.05,52.3,-8.13
