SECURITY,NEW,PREVIOUS,NEW_STATUS
BHARAT ELECTRONICS LTD,3744.45,3730,H
DEWAN HOUSING FIN CORP LT,518.8,518,H
MM FORGINGS LTD,655,647.9,H
STAR FERRO & CEMENT LTD.,125.3,119,H
TECHNOCRAFT IND LTD,253,252,H
11.52% SEC REDE NCD OPT I,1026.99,1026.4,H
REPRO INDIA LIMITED,340.1,328.45,H
TECHNO ELT & ENG CO. LTD,448.7,439.95,H
TIMKEN INDIA LTD.,570,566.8,H
3M INDIA LIMITED,7219.7,7199.95,H
GULSHAN POLYOLS LIMITED,249,240,H
SHREYAS SHIPPING & LOGIST,470.5,449.65,H
ARROW TEXTILES LIMITED,39.95,39.2,H
GILLETTE INDIA LTD,4278.8,4163.15,H
JUBILANT FOODWORKS LTD,1658,1641.15,H
AMBUJA CEMENTS LTD,268,266,H
SITA SHREE FOOD PROD LTD,16,15.85,H
TATA ELXSI LIMITED,1024,893.55,H
TGB BANQUETS&HOTELS LTD,95,93,H
TREE HOUSE EDU LTD,559,520,H
AJANTA PHARMA LIMITED,2819,2749.85,H
BAJAJ FINSERV LTD.,1546.05,1540,H
CAPLIN POINT LAB LTD.,742.25,706.95,H
D-LINK INDIA LTD,193.5,185,H
DYNAMATIC TECHNOLOGIES,2590,2519,H
NORBEN TEA & EXPORTS LTD,7.55,7.2,H
SOMANY CERAMICS LIMITED,386.95,372,H
SHRIRAM TRANSPORT FIN CO.,1284.45,1272,H
ZENSAR TECHNOLOGIES  LTD,725,686.95,H
DHUNSERI PETROCHEM LTD,57.6,60.2,L
PARENTERAL DRUGS LTD,18.1,18.75,L
COUNTRY CLUB HOSP HOL LTD,13.1,13.5,L
GRP LIMITED,1431.05,1570,L
SAMTEL COLOR LTD,1,1.05,L
TIMBOR HOME LIMITED,3.5,3.65,L
ERA INFRA ENGINEERING LTD,6.85,6.9,L
OMNITECH INFOSOLU LTD.,7.1,7.4,L
ARVIND REMEDIES LIMITED,16.1,17.1,L
GREEN FIRE AGRI COMM LTD,0.5,0.55,L
SHARON BIO-MEDI LTD,21.75,22.5,L
SHRI LAKSHMI COTSYN LTD,2.95,3,L
SURANA INDUSTRIES LTD,31.55,32.75,L
BHARATI SHIPYARD LTD.,21.1,21.25,L

