SERIES,SYMBOL,SECURITY,RECORD_DT,BC_STRT_DT,BC_END_DT,EX_DT,ND_STRT_DT,ND_END_DT,PURPOSE
BE,CASTROLIND,Castrol India Limited, ,08/05/2015,14/05/2015,06/05/2015, , ,FIN DIV-RS 4 PER SHARE   
BE,ITDCEM,ITD Cementation India Lim, ,07/05/2015,13/05/2015,05/05/2015, , ,Annual General Meeting   
BE,INGVYSYABK,ING Vysya Bank Limited,17/04/2015, , ,16/04/2015, , ,SCHEME OF AMALGAMATION   
BE,LINDEINDIA,BOC India Limited, ,06/05/2015,15/05/2015,30/04/2015, , ,AGM/DIV-RS 1.50 PER SHARE
BE,HCLTECH,HCL Technologies Ltd.,27/04/2015, , ,24/04/2015, , ,INTERIM DIVIDEND         
BE,SANOFI,Aventis Pharma Limited, ,18/04/2015,29/04/2015,16/04/2015, , ,FIN DIV-RS24/SPL DIV-RS11
BE,KBIL,Kirloskar Bros Invest Ltd,17/04/2015, , ,16/04/2015, , ,INT DIV-RS 20 PER SHARE  
BE,CLNINDIA,Clariant Chemicals (I)Ltd, ,15/04/2015,24/04/2015,10/04/2015, , ,Annual General Meeting   
BE,NESTLEIND,Nestle India Limited, ,21/05/2015,22/05/2015,19/05/2015, , ,AGM/DIV-RS 12.5 PER SHARE
BE,MENONBE,Menon Bearings Limited,10/04/2015, , ,09/04/2015, , ,FV SPLT FRM RS 5 TO RE 1 
BE,MYSOREBANK,State Bank of Mysore,10/04/2015, , ,09/04/2015, , ,INT DIV-RS 5 PER SHARE   
BE,SKFINDIA,SKF India Limited, ,10/04/2015,13/04/2015,08/04/2015, , ,AGM/DIV-RS 2.50 PER SHARE
BE,GODREJCP,Godrej Cons Products Ltd ,06/05/2015, , ,05/05/2015, , ,INTERIM DIVIDEND         
BE,INSECTICID,Insecticides (India) Limi,17/04/2015, , ,16/04/2015, , ,BONUS 1:2                
BE,PITTILAM,Pitti Laminations Limited,17/04/2015, , ,16/04/2015, , ,FV SPLT FRM RS 10 TO RS 5
BE,ABB,ABB India Limited, ,30/04/2015,06/05/2015,28/04/2015, , ,AGM/DIV-RS 3.70 PER SHARE
BE,ADVANTA,Advanta Limited, ,11/04/2015,23/04/2015,09/04/2015, , ,Annual General Meeting   
BE,BIOCON,BIOCON LIMITED,10/04/2015, , ,09/04/2015, , ,INT DIV RS 5/- PER SHARE 
BE,CRISIL,CRISIL Limited,24/04/2015, , ,23/04/2015, , ,INTERIM DIVIDEND         
BE,KSBPUMPS,KSB Pumps Ltd-Depo, ,01/04/2015,22/04/2015,30/03/2015, , ,AGM/DIV-RS 5.50 PER SHARE
BE,VESUVIUS,Vesuvius India Ltd, ,29/04/2015,07/05/2015,27/04/2015, , ,AGM/DIV-RS 6 PER SHARE   
EQ,CASTROLIND,Castrol India Limited, ,08/05/2015,14/05/2015,06/05/2015, , ,FIN DIV-RS 4 PER SHARE   
EQ,LINDEINDIA,BOC India Limited, ,06/05/2015,15/05/2015,30/04/2015, , ,AGM/DIV-RS 1.50 PER SHARE
EQ,SANOFI,Aventis Pharma Limited, ,18/04/2015,29/04/2015,16/04/2015, , ,FIN DIV-RS24/SPL DIV-RS11
EQ,KBIL,Kirloskar Bros Invest Ltd,17/04/2015, , ,16/04/2015, , ,INT DIV-RS 20 PER SHARE  
EQ,NESTLEIND,Nestle India Limited, ,21/05/2015,22/05/2015,19/05/2015, , ,AGM/DIV-RS 12.5 PER SHARE
EQ,MYSOREBANK,State Bank of Mysore,10/04/2015, , ,09/04/2015, , ,INT DIV-RS 5 PER SHARE   
EQ,INSECTICID,Insecticides (India) Limi,17/04/2015, , ,16/04/2015, , ,BONUS 1:2                
EQ,PITTILAM,Pitti Laminations Limited,17/04/2015, , ,16/04/2015, , ,FV SPLT FRM RS 10 TO RS 5
EQ,ADVANTA,Advanta Limited, ,11/04/2015,23/04/2015,09/04/2015, , ,Annual General Meeting   
EQ,KOTAKGOLD,Kotak Mutual Fund - Gold,15/04/2015, , ,13/04/2015, , ,FV SPLT FR RS100 TO RS10 
EQ,ITDCEM,ITD Cementation India Lim, ,07/05/2015,13/05/2015,05/05/2015, , ,Annual General Meeting   
EQ,INGVYSYABK,ING Vysya Bank Limited,17/04/2015, , , , , ,SCHEME OF AMALGAMATION   
EQ,CLNINDIA,Clariant Chemicals (I)Ltd, ,15/04/2015,24/04/2015,10/04/2015, , ,Annual General Meeting   
EQ,SKFINDIA,SKF India Limited, ,10/04/2015,13/04/2015,08/04/2015, , ,AGM/DIV-RS 2.50 PER SHARE
EQ,GODREJCP,Godrej Cons Products Ltd ,06/05/2015, , ,05/05/2015, , ,INTERIM DIVIDEND         
EQ,BIOCON,Biocon Limited,10/04/2015, , ,09/04/2015, , ,INT DIV RS 5/- PER SHARE 
EQ,HCLTECH,HCL Technologies Ltd.,27/04/2015, , ,24/04/2015, , ,INTERIM DIVIDEND         
EQ,CRISIL,CRISIL Limited,24/04/2015, , ,23/04/2015, , ,INTERIM DIVIDEND         
EQ,VESUVIUS,Vesuvius India Ltd, ,29/04/2015,07/05/2015,27/04/2015, , ,AGM/DIV-RS 6 PER SHARE   
EQ,KSBPUMPS,KSB Pumps Ltd., ,01/04/2015,22/04/2015,30/03/2015, , ,AGM/DIV-RS 5.50 PER SHARE
EQ,ABB,ABB India Limited, ,30/04/2015,06/05/2015,28/04/2015, , ,AGM/DIV-RS 3.70 PER SHARE
EQ,MENONBE,Menon Bearings Limited,10/04/2015, , ,09/04/2015, , ,FV SPLT FRM RS 5 TO RE 1 
MA,SRTRANSFIN,BOND 9.57% PA SRN S-IV,14/04/2015, , ,07/04/2015,07/04/2015,13/04/2015,INTEREST PAYMENT         
MA,SRTRANSFIN,BOND 9.57% PA SRN S-IV,13/05/2015, , ,06/05/2015,06/05/2015,12/05/2015,INTEREST PAYMENT         
MA,SRTRANSFIN,BOND 9.57% PA SRN S-IV,14/04/2015, , ,07/04/2015,07/04/2015,13/04/2015,INTEREST PAYMENT         
MB,SRTRANSFIN,BOND 9.71% PA SRN S-V,14/04/2015, , ,10/04/2015, , ,INTEREST PAYMENT         
MB,SRTRANSFIN,BOND 9.71% PA SRN S-V,13/05/2015, , ,12/05/2015, , ,INTEREST PAYMENT         
MB,SRTRANSFIN,BOND 9.71% PA SRN S-V,14/04/2015, , ,10/04/2015, , ,INTEREST PAYMENT         
MF,IPRU1326,IPIF-V MIP-A Inst. Cum.,10/04/2015, , , , , ,STP                      
MF,IPRU1327P,IPIF-V MIP-A Inst. DP,10/04/2015, , , , , ,DIV/STP                  
MF,IPRU1324,IPIF-V MIP-A Ret. Cum.,10/04/2015, , , , , ,STP                      
MF,IPRU1325P,IPIF-V MIP-A Ret. DP,10/04/2015, , , , , ,DIV/STP                  
MF,RMFINMRGG1,RIF -MIF - SI -RP-GP-GO,15/04/2015, , , , , ,STP                      
MF,RMFINMRDP1,RIF -MIF - SI -RP-DP-DPO,15/04/2015, , , , , ,DIV/STP                  
MF,RMFINMRDR1,RIF -MIF - SI -RP-DP-RO,15/04/2015, , , , , ,DIV/STP                  
MF,RMFINMIGG1,RIF -MIF - SI -IP-GP-GO,15/04/2015, , , , , ,STP                      
MF,RMFINMIDP1,RIF -MIF - SI -IP-DP-DPO,15/04/2015, , , , , ,DIV/STP                  
MF,RMFINMIDR1,RIF -MIF - SI -IP-DP-RO,15/04/2015, , , , , ,DIV/STP                  
MF,HDQIFCRGRC,HDFC-QIF - PC - RP - GO,30/04/2015, , , , , ,STP                      
MF,HDQIFCRDPC,HDFC-QIF - PC - RP - DPO,30/04/2015, , , , , ,STP                      
MF,HDQIFCRDRC,HDFC-QIF - PC - RP - DRO,30/04/2015, , , , , ,DIV/STP                  
MF,UTFIMIPRPI,UTI-FIIF - MIP - I - RDP,20/04/2015, , , , , ,DIV/STP                  
MF,UTFIMIPRRI,UTI-FIIF - MIP - I - RDR,20/04/2015, , , , , ,DIV/STP                  
MF,UTFIMIPRGI,UTI-FIIF - MIP - I - RG,20/04/2015, , , , , ,STP                      
MF,UTFIMIPIPI,UTI-FIIF - MIP - I - IDP,20/04/2015, , , , , ,DIV/STP                  
MF,RDAFTIIPBD,Rel. DA FTF-II Plan-B DPO,10/04/2015, , , , , ,DIV/REDEMPTION           
MF,RDAFTIIPBG,Rel. DA FTF-II Plan-B GO,10/04/2015, , , , , ,REDEMPTION               
MF,UFIS2QPRP4,UTI-FIIF II-QIP- IV-RDP,20/04/2015, , , , , ,DIV/STP                  
MF,UFIS2QPRR4,UTI-FIIF II-QIP- IV-RDR,20/04/2015, , , , , ,DIV/STP                  
MF,UFIS2QPRG4,UTI-FIIF II-QIP- IV-RG,20/04/2015, , , , , ,STP                      
MF,UFIS2QPIG4,UTI-FIIF II-QIP- IV-IG,20/04/2015, , , , , ,STP                      
MF,UFDS2QPIP4,UTIAMC - UFDS2QPIP4,20/04/2015, , , , , ,DIV/STP                  
MF,UFDS2QPIG4,UTIAMC - UFDS2QPIG4,20/04/2015, , , , , ,STP                      
MF,HQIFCRDRD,HDFCAMC - HQIFCRDRD,30/04/2015, , , , , ,STP                      
MF,HQIFCRDPD,HDFCAMC - HQIFCRDPD,30/04/2015, , , , , ,STP                      
MF,HQIFCRGRD,HDFCAMC - HQIFCRGRD,30/04/2015, , , , , ,STP                      
MF,RMFINMAGG1,RELCAPAMC - RMFINMAGG1,15/04/2015, , , , , ,STP                      
MF,IPRU8070,ICICIPRAMC - IPRU8070,10/04/2015, , , , , ,DIV/STP                  
MF,IPRU8070,ICICIPRAMC - IPRU8070,10/04/2015, , , , , ,DIV/STP                  
MF,RMFINMADP1,RELCAPAMC - RMFINMADP1,15/04/2015, , , , , ,DIV/STP                  
MF,UTFDMIPIGI,UTIAMC - UTFDMIPIGI,20/04/2015, , , , , ,STP                      
MF,UTFDMIPIPI,UTIAMC - UTFDMIPIPI,20/04/2015, , , , , ,DIV/STP                  
MF,IPRU8501,ICICIPRAMC - IPRU8501, ,16/04/2015,16/04/2015, , , ,REDEMPTION               
MF,IPRU2302,ICICIPRAMC - IPRU2302, ,16/04/2015,16/04/2015, , , ,DIV/REDEMPTION           
MF,IPRU2301,ICICIPRAMC - IPRU2301, ,16/04/2015,16/04/2015, , , ,REDEMPTION               
MF,BSLFTPKPDN,BIRLASLAMC - BSLFTPKPDN,13/04/2015, , , , , ,REDEMPTION               
MF,BSLFTPKPDG,BIRLASLAMC - BSLFTPKPDG,13/04/2015, , , , , ,REDEMPTION               
MF,BSLFTPKPRN,BIRLASLAMC - BSLFTPKPRN,13/04/2015, , , , , ,REDEMPTION               
MF,BSLFTPKPRG,BIRLASLAMC - BSLFTPKPRG,13/04/2015, , , , , ,REDEMPTION               
MF,H400M29RF1,HDFCAMC - H400M29RF1,13/04/2015, , , , , ,REDEMPTION               
MF,H400M29RQ1,HDFCAMC - H400M29RQ1,13/04/2015, , , , , ,REDEMPTION               
MF,H400M29RD1,HDFCAMC - H400M29RD1,13/04/2015, , , , , ,REDEMPTION               
MF,H400M29RG1,HDFCAMC - H400M29RG1,13/04/2015, , , , , ,REDEMPTION               
MF,H400M29DQ1,HDFCAMC - H400M29DQ1,13/04/2015, , , , , ,REDEMPTION               
MF,H400M29DD1,HDFCAMC - H400M29DD1,13/04/2015, , , , , ,REDEMPTION               
MF,H400M29DG1,HDFCAMC - H400M29DG1,13/04/2015, , , , , ,REDEMPTION               
MF,UFTDQP17XI,UTIAMC - UFTDQP17XI,16/04/2015, , , , , ,DIV/REDEMPTION           
MF,UFTFMD17XI,UTIAMC - UFTFMD17XI,16/04/2015, , , , , ,DIV/REDEMPTION           
MF,UFTFGR17XI,UTIAMC - UFTFGR17XI,16/04/2015, , , , , ,REDEMPTION               
MF,UFTFAR17XI,UTIAMC - UFTFAR17XI,16/04/2015, , , , , ,DIV/REDEMPTION           
MF,UFTFAP17XI,UTIAMC - UFTFAP17XI,16/04/2015, , , , , ,DIV/REDEMPTION           
MF,UFTDGR17XI,UTIAMC - UFTDGR17XI,16/04/2015, , , , , ,REDEMPTION               
MF,BSLFTPKODQ,BIRLASLAMC - BSLFTPKODQ,10/04/2015, , , , , ,REDEMPTION               
MF,BSLFTPKODG,BIRLASLAMC - BSLFTPKODG,10/04/2015, , , , , ,REDEMPTION               
MF,RMFFM23ADG,RELIGARAMC - RMFFM23ADG,13/04/2015, , , , , ,REDEMPTION               
MF,RMFFM23ARG,RELIGARAMC - RMFFM23ARG,13/04/2015, , , , , ,REDEMPTION               
MF,RMFFM23ARD,RELIGARAMC - RMFFM23ARD,13/04/2015, , , , , ,DIV/REDEMPTION           
MF,BSLFTPKORQ,BIRLASLAMC - BSLFTPKORQ,10/04/2015, , , , , ,REDEMPTION               
MF,BSLFTPKORN,BIRLASLAMC - BSLFTPKORN,10/04/2015, , , , , ,REDEMPTION               
MF,BSLFTPKORG,BIRLASLAMC - BSLFTPKORG,10/04/2015, , , , , ,REDEMPTION               
MF,URGRXVII19,UTIAMC - URGRXVII19,13/04/2015, , , , , ,REDEMPTION               
MF,URMPXVII19,UTIAMC - URMPXVII19,13/04/2015, , , , , ,DIV/REDEMPTION           
MF,UDGRXVII19,UTIAMC - UDGRXVII19,13/04/2015, , , , , ,REDEMPTION               
MF,IMF564LGD,IDBIAMC - IMF564LGD,13/04/2015, , , , , ,REDEMPTION               
MF,IMF564LDR,IDBIAMC - IMF564LDR,13/04/2015, , , , , ,DIV/REDEMPTION           
MF,IMF564LGR,IDBIAMC - IMF564LGR,13/04/2015, , , , , ,REDEMPTION               
MF,IMF494D3DG,IDBIAMC - IMF494D3DG,30/04/2015, , , , , ,REDEMPTION               
MF,IMF494D3RD,IDBIAMC - IMF494D3RD,30/04/2015, , , , , ,DIV/REDEMPTION           
MF,IMF494D3RG,IDBIAMC - IMF494D3RG,30/04/2015, , , , , ,REDEMPTION               
MF,H434F29RQ1,HDFCAMC - H434F29RQ1,30/04/2015, , , , , ,REDEMPTION               
MF,H434F29RD1,HDFCAMC - H434F29RD1,30/04/2015, , , , , ,REDEMPTION               
MF,H434F29RG1,HDFCAMC - H434F29RG1,30/04/2015, , , , , ,REDEMPTION               
MF,H434F29DD1,HDFCAMC - H434F29DD1,30/04/2015, , , , , ,REDEMPTION               
MF,H434F29DG1,HDFCAMC - H434F29DG1,30/04/2015, , , , , ,REDEMPTION               
MF,UDARXVII19,UTIAMC - UDARXVII19,13/04/2015, , , , , ,DIV/REDEMPTION           
MF,UDQRXVII19,UTIAMC - UDQRXVII19,13/04/2015, , , , , ,DIV/REDEMPTION           
MF,UFDS2QPIR4,UTIAMC - UFDS2QPIR4,20/04/2015, , , , , ,DIV/STP                  
MF,DWSFMP45DG,DEUTSCHAMC - DWSFMP45DG,15/04/2015, , , , , ,REDEMPTION               
MF,DWSFMP45RG,DEUTSCHAMC - DWSFMP45RG,15/04/2015, , , , , ,REDEMPTION               
MF,DWSFMP45DQ,DEUTSCHAMC - DWSFMP45DQ,15/04/2015, , , , , ,REDEMPTION               
MF,DWSFMP45RD,DEUTSCHAMC - DWSFMP45RD,15/04/2015, , , , , ,REDEMPTION               
MF,H453F29RF1,HDFCAMC - H453F29RF1,30/04/2015, , , , , ,REDEMPTION               
MF,H453F29RQ1,HDFCAMC - H453F29RQ1,30/04/2015, , , , , ,REDEMPTION               
MF,H453F29RD1,HDFCAMC - H453F29RD1,30/04/2015, , , , , ,REDEMPTION               
MF,H453F29RG1,HDFCAMC - H453F29RG1,30/04/2015, , , , , ,REDEMPTION               
MF,H453F29DF1,HDFCAMC - H453F29DF1,30/04/2015, , , , , ,REDEMPTION               
MF,H453F29DD1,HDFCAMC - H453F29DD1,30/04/2015, , , , , ,REDEMPTION               
MF,H453F29DG1,HDFCAMC - H453F29DG1,30/04/2015, , , , , ,REDEMPTION               
MF,IPRU8482,ICICIPRAMC - IPRU8482, ,15/04/2015,15/04/2015, , , ,REDEMPTION               
MF,IPRU2283,ICICIPRAMC - IPRU2283, ,15/04/2015,15/04/2015, , , ,DIV/REDEMPTION           
MF,IPRU2282,ICICIPRAMC - IPRU2282, ,15/04/2015,15/04/2015, , , ,REDEMPTION               
MF,H447F29RF1,HDFCAMC - H447F29RF1,30/04/2015, , , , , ,REDEMPTION               
MF,H447F29RQ1,HDFCAMC - H447F29RQ1,30/04/2015, , , , , ,REDEMPTION               
MF,H447F29RD1,HDFCAMC - H447F29RD1,30/04/2015, , , , , ,REDEMPTION               
MF,H447F29RG1,HDFCAMC - H447F29RG1,30/04/2015, , , , , ,REDEMPTION               
MF,H447F29DQ1,HDFCAMC - H447F29DQ1,30/04/2015, , , , , ,REDEMPTION               
MF,H447F29DD1,HDFCAMC - H447F29DD1,30/04/2015, , , , , ,REDEMPTION               
MF,H447F29DG1,HDFCAMC - H447F29DG1,30/04/2015, , , , , ,REDEMPTION               
MF,DWSFMP47DG,DEUTSCHAMC - DWSFMP47DG,15/04/2015, , , , , ,REDEMPTION               
MF,DWSFMP47RG,DEUTSCHAMC - DWSFMP47RG,15/04/2015, , , , , ,REDEMPTION               
MF,DWSFMP47RA,DEUTSCHAMC - DWSFMP47RA,15/04/2015, , , , , ,REDEMPTION               
MF,URQRXVII14,UTIAMC - URQRXVII14,20/04/2015, , , , , ,DIV/REDEMPTION           
MF,URQPXVII14,UTIAMC - URQPXVII14,20/04/2015, , , , , ,DIV/REDEMPTION           
MF,URGRXVII14,UTIAMC - URGRXVII14,20/04/2015, , , , , ,REDEMPTION               
MF,UDQRXVII14,UTIAMC - UDQRXVII14,20/04/2015, , , , , ,DIV/REDEMPTION           
MF,UDQPXVII14,UTIAMC - UDQPXVII14,20/04/2015, , , , , ,DIV/REDEMPTION           
MF,UDGRXVII14,UTIAMC - UDGRXVII14,20/04/2015, , , , , ,REDEMPTION               
MF,UDARXVII14,UTIAMC - UDARXVII14,20/04/2015, , , , , ,DIV/REDEMPTION           
MF,UDAPXVII14,UTIAMC - UDAPXVII14,20/04/2015, , , , , ,DIV/REDEMPTION           
MF,UFTFQP17P7,UTIAMC - UFTFQP17P7,30/04/2015, , , , , ,DIV/REDEMPTION           
MF,UFTFMD17P7,UTIAMC - UFTFMD17P7,30/04/2015, , , , , ,DIV/REDEMPTION           
MF,UFTFGR17P7,UTIAMC - UFTFGR17P7,30/04/2015, , , , , ,REDEMPTION               
MF,UFTFFP17P7,UTIAMC - UFTFFP17P7,30/04/2015, , , , , ,DIV/REDEMPTION           
MF,UFTFAR17P7,UTIAMC - UFTFAR17P7,30/04/2015, , , , , ,DIV/REDEMPTION           
MF,UFTFAP17P7,UTIAMC - UFTFAP17P7,30/04/2015, , , , , ,DIV/REDEMPTION           
MF,UFTDQP17P7,UTIAMC - UFTDQP17P7,30/04/2015, , , , , ,DIV/REDEMPTION           
MF,UFTDMD17P7,UTIAMC - UFTDMD17P7,30/04/2015, , , , , ,DIV/REDEMPTION           
MF,UFTDGR17P7,UTIAMC - UFTDGR17P7,30/04/2015, , , , , ,REDEMPTION               
MF,UFTDFP17P7,UTIAMC - UFTDFP17P7,30/04/2015, , , , , ,DIV/REDEMPTION           
MF,UFTDAP17P7,UTIAMC - UFTDAP17P7,30/04/2015, , , , , ,DIV/REDEMPTION           
MF,H441F29RF1,HDFCAMC - H441F29RF1,30/04/2015, , , , , ,REDEMPTION               
MF,H441F29RQ1,HDFCAMC - H441F29RQ1,30/04/2015, , , , , ,REDEMPTION               
MF,H441F29RD1,HDFCAMC - H441F29RD1,30/04/2015, , , , , ,REDEMPTION               
MF,H441F29RG1,HDFCAMC - H441F29RG1,30/04/2015, , , , , ,REDEMPTION               
MF,H441F29DF1,HDFCAMC - H441F29DF1,30/04/2015, , , , , ,REDEMPTION               
MF,H441F29DQ1,HDFCAMC - H441F29DQ1,30/04/2015, , , , , ,REDEMPTION               
MF,H441F29DD1,HDFCAMC - H441F29DD1,30/04/2015, , , , , ,REDEMPTION               
MF,H441F29DG1,HDFCAMC - H441F29DG1,30/04/2015, , , , , ,REDEMPTION               
MF,H369A31RD2,HDFCAMC - H369A31RD2,17/04/2015, , , , , ,REDEMPTION               
MF,H369A31RG2,HDFCAMC - H369A31RG2,17/04/2015, , , , , ,REDEMPTION               
MF,H369A31DD2,HDFCAMC - H369A31DD2,17/04/2015, , , , , ,REDEMPTION               
MF,H369A31DG2,HDFCAMC - H369A31DG2,17/04/2015, , , , , ,REDEMPTION               
MF,BSLFTPLCDQ,BIRLASLAMC - BSLFTPLCDQ,17/04/2015, , , , , ,REDEMPTION               
MF,BSLFTPLCDG,BIRLASLAMC - BSLFTPLCDG,17/04/2015, , , , , ,REDEMPTION               
MF,BSLFTPLCRQ,BIRLASLAMC - BSLFTPLCRQ,17/04/2015, , , , , ,REDEMPTION               
MF,BSLFTPLCRN,BIRLASLAMC - BSLFTPLCRN,17/04/2015, , , , , ,REDEMPTION               
MF,BSLFTPLCRG,BIRLASLAMC - BSLFTPLCRG,17/04/2015, , , , , ,REDEMPTION               
MF,H370A31RF3,HDFCAMC - H370A31RF3,24/04/2015, , , , , ,REDEMPTION               
MF,H370A31RQ3,HDFCAMC - H370A31RQ3,24/04/2015, , , , , ,REDEMPTION               
MF,H370A31RD3,HDFCAMC - H370A31RD3,24/04/2015, , , , , ,REDEMPTION               
MF,H370A31RG3,HDFCAMC - H370A31RG3,24/04/2015, , , , , ,REDEMPTION               
MF,H370A31DQ3,HDFCAMC - H370A31DQ3,24/04/2015, , , , , ,REDEMPTION               
MF,H370A31DD3,HDFCAMC - H370A31DD3,24/04/2015, , , , , ,REDEMPTION               
MF,H370A31DG3,HDFCAMC - H370A31DG3,24/04/2015, , , , , ,REDEMPTION               
MF,BSLFTPLBDN,BIRLASLAMC - BSLFTPLBDN,10/04/2015, , , , , ,REDEMPTION               
MF,BSLFTPLBDG,BIRLASLAMC - BSLFTPLBDG,10/04/2015, , , , , ,REDEMPTION               
MF,BSLFTPLBRQ,BIRLASLAMC - BSLFTPLBRQ,10/04/2015, , , , , ,REDEMPTION               
MF,BSLFTPLBRN,BIRLASLAMC - BSLFTPLBRN,10/04/2015, , , , , ,REDEMPTION               
MF,BSLFTPLBRG,BIRLASLAMC - BSLFTPLBRG,10/04/2015, , , , , ,REDEMPTION               
MF,H367M31RF1,HDFCAMC - H367M31RF1,06/05/2015, , , , , ,REDEMPTION               
MF,H367M31RQ1,HDFCAMC - H367M31RQ1,06/05/2015, , , , , ,REDEMPTION               
MF,H367M31RD1,HDFCAMC - H367M31RD1,06/05/2015, , , , , ,REDEMPTION               
MF,H367M31RG1,HDFCAMC - H367M31RG1,06/05/2015, , , , , ,REDEMPTION               
MF,H367M31DF1,HDFCAMC - H367M31DF1,06/05/2015, , , , , ,REDEMPTION               
MF,H367M31DQ1,HDFCAMC - H367M31DQ1,06/05/2015, , , , , ,REDEMPTION               
MF,H367M31DD1,HDFCAMC - H367M31DD1,06/05/2015, , , , , ,REDEMPTION               
MF,H367M31DG1,HDFCAMC - H367M31DG1,06/05/2015, , , , , ,REDEMPTION               
MF,URQRXVIII1,UTIAMC - URQRXVIII1,23/04/2015, , , , , ,DIV/REDEMPTION           
MF,URQPXVIII1,UTIAMC - URQPXVIII1,23/04/2015, , , , , ,DIV/REDEMPTION           
MF,UDQPXVII11,UTIAMC UDQPXVII11,23/04/2015, , , , , ,DIV/REDEMPTION           
MF,URMPXVIII1,UTIAMC - URMPXVIII1,23/04/2015, , , , , ,DIV/REDEMPTION           
MF,UDMPXVIII1,UTIAMC - UDMPXVIII1,23/04/2015, , , , , ,DIV/REDEMPTION           
MF,URGRXVIII1,UTIAMC - URGRXVIII1,23/04/2015, , , , , ,REDEMPTION               
MF,UDGRXVIII1,UTIAMC - UDGRXVIII1,23/04/2015, , , , , ,REDEMPTION               
MF,URARXVIII1,UTIAMC - URARXVIII1,23/04/2015, , , , , ,DIV/REDEMPTION           
MF,URAPXVIII1,UTIAMC - URAPXVIII1,23/04/2015, , , , , ,DIV/REDEMPTION           
MF,IDFCD1316,IDFCAMC - IDFCD1316,17/04/2015, , , , , ,REDEMPTION               
MF,IDFC1319,IDFCAMC - IDFC1319,17/04/2015, , , , , ,DIV/REDEMPTION           
MF,IDFC1318,IDFCAMC - IDFC1318,17/04/2015, , , , , ,DIV/REDEMPTION           
MF,IDFC1317,IDFCAMC - IDFC1317 ,17/04/2015, , , , , ,DIV/REDEMPTION           
MF,IDFC1316,IDFCAMC - IDFC1316,17/04/2015, , , , , ,REDEMPTION               
MF,IPRU8516,ICICIPRAMC - IPRU8516, ,13/04/2015,13/04/2015, , , ,DIV/REDEMPTION           
MF,IPRU8515,ICICIPRAMC - IPRU8515, ,13/04/2015,13/04/2015, , , ,REDEMPTION               
MF,IPRU2316,ICICIPRAMC - IPRU2316, ,13/04/2015,13/04/2015, , , ,DIV/REDEMPTION           
MF,IPRU2315,ICICIPRAMC - IPRU2315, ,13/04/2015,13/04/2015, , , ,REDEMPTION               
MF,UTYP0314DG,UTIAMC - UTYP0314DG,27/04/2015, , , , , ,REDEMPTION               
MF,UTYP0314DD,UTIAMC - UTYP0314DD,27/04/2015, , , , , ,DIV/REDEMPTION           
MF,UTYP0314RG,UTIAMC - UTYP0314RG,27/04/2015, , , , , ,REDEMPTION               
MF,UTYP0314RR,UTIAMC - UTYP0314RR,27/04/2015, , , , , ,DIV/REDEMPTION           
MF,UTYP0314RD,UTIAMC - UTYP0314RD,27/04/2015, , , , , ,DIV/REDEMPTION           
MF,RMFFM23EDG,RELIGARAMC - RMFFM23EDG,13/04/2015, , , , , ,REDEMPTION               
MF,RMFFM23ERG,RELIGARAMC - RMFFM23ERG,13/04/2015, , , , , ,REDEMPTION               
MF,RMFFM23ERD,RELIGARAMC - RMFFM23ERD,13/04/2015, , , , , ,DIV/REDEMPTION           
MF,H367A31RF1,HDFCAMC - H367A31RF1,29/04/2015, , , , , ,REDEMPTION               
MF,H367A31RQ1,HDFCAMC - H367A31RQ1,29/04/2015, , , , , ,REDEMPTION               
MF,H367A31RD1,HDFCAMC - H367A31RD1,29/04/2015, , , , , ,REDEMPTION               
MF,H367A31RG1,HDFCAMC - H367A31RG1,29/04/2015, , , , , ,REDEMPTION               
MF,H367A31DF1,HDFCAMC - H367A31DF1,29/04/2015, , , , , ,REDEMPTION               
MF,H367A31DQ1,HDFCAMC - H367A31DQ1,29/04/2015, , , , , ,REDEMPTION               
MF,H367A31DD1,HDFCAMC - H367A31DD1,29/04/2015, , , , , ,REDEMPTION               
MF,H367A31DG1,HDFCAMC - H367A31DG1,29/04/2015, , , , , ,REDEMPTION               
MF,URFPXVIII6,UTIAMC - URFPXVIII6,13/04/2015, , , , , ,DIV/REDEMPTION           
MF,URGRXVIII6,UTIAMC - URGRXVIII6,13/04/2015, , , , , ,REDEMPTION               
MF,URMPXVIII6,UTIAMC - URMPXVIII6,13/04/2015, , , , , ,DIV/REDEMPTION           
MF,URARXVIII6,UTIAMC - URARXVIII6,13/04/2015, , , , , ,DIV/REDEMPTION           
MF,URAPXVIII6,UTIAMC - URAPXVIII6,13/04/2015, , , , , ,DIV/REDEMPTION           
MF,URQRXVIII6,UTIAMC - URQRXVIII6,13/04/2015, , , , , ,DIV/REDEMPTION           
MF,URQPXVIII6,UTIAMC - URQPXVIII6,13/04/2015, , , , , ,DIV/REDEMPTION           
MF,UDGRXVIII6,UTIAMC - UDGRXVIII6,13/04/2015, , , , , ,REDEMPTION               
MF,UDMPXVIII6,UTIAMC - UDMPXVIII6,13/04/2015, , , , , ,DIV/REDEMPTION           
MF,UDAPXVIII6,UTIAMC - UDAPXVIII6,13/04/2015, , , , , ,DIV/REDEMPTION           
MF,UDQRXVIII6,UTIAMC - UDQRXVIII6,13/04/2015, , , , , ,DIV/REDEMPTION           
MF,UDQPXVIII6,UTIAMC - UDQPXVIII6,13/04/2015, , , , , ,DIV/REDEMPTION           
MF,H370A31RG4,HDFCAMC - H370A31RG4,30/04/2015, , , , , ,REDEMPTION               
MF,H370A31DQ4,HDFCAMC - H370A31DQ4,30/04/2015, , , , , ,REDEMPTION               
MF,H370A31DD4,HDFCAMC - H370A31DD4,30/04/2015, , , , , ,REDEMPTION               
MF,H370A31DG4,HDFCAMC - H370A31DG4,30/04/2015, , , , , ,REDEMPTION               
MF,H370A31RD4,HDFCAMC - H370A31RD4,30/04/2015, , , , , ,REDEMPTION               
MF,H370A31RF1,HDFCAMC - H370A31RF1,13/04/2015, , , , , ,REDEMPTION               
MF,H370A31RQ1,HDFCAMC - H370A31RQ1,13/04/2015, , , , , ,REDEMPTION               
MF,H370A31RD1,HDFCAMC - H370A31RD1,13/04/2015, , , , , ,REDEMPTION               
MF,H370A31RG1,HDFCAMC - H370A31RG1,13/04/2015, , , , , ,REDEMPTION               
MF,H370A31DF1,HDFCAMC - H370A31DF1,13/04/2015, , , , , ,REDEMPTION               
MF,H370A31DQ1,HDFCAMC - H370A31DQ1,13/04/2015, , , , , ,REDEMPTION               
MF,H370A31DD1,HDFCAMC - H370A31DD1,13/04/2015, , , , , ,REDEMPTION               
MF,H370A31DG1,HDFCAMC - H370A31DG1,13/04/2015, , , , , ,REDEMPTION               
MF,H370A31RF2,HDFCAMC - H370A31RF2,17/04/2015, , , , , ,REDEMPTION               
MF,H370A31RQ2,HDFCAMC - H370A31RQ2,17/04/2015, , , , , ,REDEMPTION               
MF,H370A31RD2,HDFCAMC - H370A31RD2,17/04/2015, , , , , ,REDEMPTION               
MF,H370A31RG2,HDFCAMC - H370A31RG2,17/04/2015, , , , , ,REDEMPTION               
MF,H370A31DF2,HDFCAMC - H370A31DF2,17/04/2015, , , , , ,REDEMPTION               
MF,H370A31DQ2,HDFCAMC - H370A31DQ2,17/04/2015, , , , , ,REDEMPTION               
MF,H370A31DD2,HDFCAMC - H370A31DD2,17/04/2015, , , , , ,REDEMPTION               
MF,H370A31DG2,HDFCAMC - H370A31DG2,17/04/2015, , , , , ,REDEMPTION               
MF,UDAPXVIII7,UTIAMC - UDAPXVIII7,20/04/2015, , , , , ,DIV/REDEMPTION           
MF,URQRXVIII7,UTIAMC - URQRXVIII7,20/04/2015, , , , , ,DIV/REDEMPTION           
MF,URQPXVIII7,UTIAMC - URQPXVIII7,20/04/2015, , , , , ,DIV/REDEMPTION           
MF,URMPXVIII7,UTIAMC - URMPXVIII7,20/04/2015, , , , , ,DIV/REDEMPTION           
MF,UDMPXVIII7,UTIAMC - UDMPXVIII7,20/04/2015, , , , , ,DIV/REDEMPTION           
MF,URGRXVIII7,UTIAMC - URGRXVIII7,20/04/2015, , , , , ,REDEMPTION               
MF,UDGRXVIII7,UTIAMC - UDGRXVIII7,20/04/2015, , , , , ,REDEMPTION               
MF,URFPXVIII7,UTIAMC - URFPXVIII7,20/04/2015, , , , , ,DIV/REDEMPTION           
MF,UDFPXVIII7,UTIAMC - UDFPXVIII7,20/04/2015, , , , , ,DIV/REDEMPTION           
MF,URAPXVIII7,UTIAMC - URAPXVIII7,20/04/2015, , , , , ,DIV/REDEMPTION           
MF,UDARXVIII7,UTIAMC - UDARXVIII7,20/04/2015, , , , , ,DIV/REDEMPTION           
MF,BSLFTPLFDQ,BIRLASLAMC - BSLFTPLFDQ,29/04/2015, , , , , ,REDEMPTION               
MF,BSLFTPLFDN,BIRLASLAMC - BSLFTPLFDN,29/04/2015, , , , , ,REDEMPTION               
MF,BSLFTPLFDG,BIRLASLAMC - BSLFTPLFDG,29/04/2015, , , , , ,REDEMPTION               
MF,BSLFTPLFRQ,BIRLASLAMC - BSLFTPLFRQ,29/04/2015, , , , , ,REDEMPTION               
MF,BSLFTPLFRN,BIRLASLAMC - BSLFTPLFRN,29/04/2015, , , , , ,REDEMPTION               
MF,BSLFTPLFRG,BIRLASLAMC - BSLFTPLFRG,29/04/2015, , , , , ,REDEMPTION               
MF,RMFINMADR1,RELCAPAMC - RMFINMADR1,15/04/2015, , , , , ,DIV/STP                  
MF,URFRXVIII8,UTIAMC - URFRXVIII8,23/04/2015, , , , , ,DIV/REDEMPTION           
MF,URGRXVIII8,UTIAMC - URGRXVIII8,23/04/2015, , , , , ,REDEMPTION               
MF,URMPXVIII8,UTIAMC - URMPXVIII8,23/04/2015, , , , , ,DIV/REDEMPTION           
MF,URAPXVIII8,UTIAMC - URAPXVIII8,23/04/2015, , , , , ,DIV/REDEMPTION           
MF,URQPXVIII8,UTIAMC - URQPXVIII8,23/04/2015, , , , , ,DIV/REDEMPTION           
MF,UDGRXVIII8,UTIAMC - UDGRXVIII8,23/04/2015, , , , , ,REDEMPTION               
MF,UDMPXVIII8,UTIAMC - UDMPXVIII8,23/04/2015, , , , , ,DIV/REDEMPTION           
MF,UDAPXVIII8,UTIAMC - UDAPXVIII8,23/04/2015, , , , , ,DIV/REDEMPTION           
MF,LTFXIAGD,LTAMC - LTFXIAGD,15/04/2015, , , , , ,REDEMPTION               
MF,LTFXIAG,LTAMC - LTFXIAG,15/04/2015, , , , , ,REDEMPTION               
MF,LTFXIADD,LTAMC - LTFXIADD ,15/04/2015, , , , , ,DIV/REDEMPTION           
MF,LTFXIAD,LTAMC - LTFXIAD,15/04/2015, , , , , ,DIV/REDEMPTION           
MF,DWSFTN91GR,DEUTSCHAMC - DWSFTN91GR,15/04/2015, , , , , ,REDEMPTION               
MF,DWSFTN91DP,DEUTSCHAMC - DWSFTN91DP,15/04/2015, , , , , ,REDEMPTION               
N1,ECLFINANCE,ECL NCD 11.60% Opt I,17/04/2015, , ,16/04/2015, , ,INTEREST PAYMENT         
N2,MANAPPURAM,Bonds SRNCD 11.50%  Sr-II,21/04/2015, , ,20/04/2015, , ,INTEREST PAYMENT         
N3,ECLFINANCE,ECL NCD 11.85% Opt III,17/04/2015, , ,16/04/2015, , ,INTEREST PAYMENT         
N4,ICIBK1107,Regular Income Bond B-2,16/05/2015, , ,14/05/2015, , ,INTEREST PAYMENT         
N4,ICIBK1107,Regular Income Bond B-2,15/04/2015, , ,13/04/2015, , ,INTEREST PAYMENT         
N5,MANAPPURAM,Bonds SRNCD 12.25% Sr-V,21/04/2015, , ,20/04/2015, , ,INTEREST PAYMENT         
N5,ECLFINANCE,ECL NCD 12% Opt I,17/04/2015, , ,16/04/2015, , ,INTEREST PAYMENT         
N6,TCFSL,NCD 9.75% PA Opt I,16/04/2015, , ,15/04/2015, , ,INTEREST PAYMENT         
N8,MANAPPURAM,Bonds SRNCD 11.50%Sr-VIII,21/04/2015, , ,20/04/2015, , ,INTEREST PAYMENT         
N8,ECLFINANCE,ECL NCD 10% Opt I,17/04/2015, , ,16/04/2015, , ,INTEREST PAYMENT         
N9,MUTHOOTFIN,NCD  SEC OPT3,16/04/2015, , ,15/04/2015, , ,INTEREST PAYMENT         
NB,ECLFINANCE,ECL NCD 10.15% Opt IV,17/04/2015, , ,16/04/2015, , ,INTEREST PAYMENT         
NC,MANAPPURAM,Bonds SRNCD Sr-I,28/04/2015, , ,27/04/2015, , ,REDEMPTION               
ND,MANAPPURAM,Bonds SRNCD 11.50% Sr-II,21/04/2015, , ,20/04/2015, , ,INTEREST PAYMENT         
NE,IFCI,9.40 % SRNCD Sr III,23/04/2015, , ,22/04/2015, , ,INTEREST PAYMENT         
NE,IFCI,9.40 % SRNCD Sr III,24/05/2015, , ,21/05/2015, , ,INTEREST PAYMENT         
NG,MANAPPURAM,Bonds SRNCD 12.25% Sr-V,21/04/2015, , ,20/04/2015, , ,INTEREST PAYMENT         
NJ,MANAPPURAM,Bonds SRNCD11.50%Sr VIII,21/04/2015, , ,20/04/2015, , ,INTEREST PAYMENT         
NX,SRTRANSFIN,BOND 9.40% PA SIII,13/05/2015, , ,12/05/2015, , ,INTEREST PAYMENT         
NX,SRTRANSFIN,BOND 9.40% PA SIII,14/04/2015, , ,10/04/2015, , ,INTEREST PAYMENT         
U1,ECLFINANCE,ECL NCD 11.60% Opt I,17/04/2015, , ,16/04/2015, , ,INTEREST PAYMENT         
U2,MANAPPURAM,Bonds SRNCD 11.50%  Sr-II,21/04/2015, , ,20/04/2015, , ,INTEREST PAYMENT         
U3,ECLFINANCE,ECL NCD 11.85% Opt III,17/04/2015, , ,16/04/2015, , ,INTEREST PAYMENT         
U4,ICIBK1107,Regular Income BondB-2,16/05/2015, , ,14/05/2015, , ,INTEREST PAYMENT         
U4,ICIBK1107,Regular Income BondB-2,15/04/2015, , ,13/04/2015, , ,INTEREST PAYMENT         
U5,ECLFINANCE,ECL NCD 12% Opt I,17/04/2015, , ,16/04/2015, , ,INTEREST PAYMENT         
U5,MANAPPURAM,Bonds SRNCD 12.25% Sr-V,21/04/2015, , ,20/04/2015, , ,INTEREST PAYMENT         
U6,TCFSL,NCD 9.75% PA Opt I,16/04/2015, , ,15/04/2015, , ,INTEREST PAYMENT         
U8,MANAPPURAM,Bonds SRNCD 11.50%Sr-VIII,21/04/2015, , ,20/04/2015, , ,INTEREST PAYMENT         
U8,ECLFINANCE,ECL NCD 10% Opt I,17/04/2015, , ,16/04/2015, , ,INTEREST PAYMENT         
U9,MUTHOOTFIN,NCD  SEC OPT3,16/04/2015, , ,15/04/2015, , ,INTEREST PAYMENT         
UB,ECLFINANCE,ECL NCD 10.15% Opt IV,17/04/2015, , ,16/04/2015, , ,INTEREST PAYMENT         
UC,MANAPPURAM,Bonds SRNCD Sr-I,28/04/2015, , ,21/04/2015,21/04/2015,27/04/2015,REDEMPTION               
UD,MANAPPURAM,Bonds SRNCD 11.50% Sr-II,21/04/2015, , ,20/04/2015, , ,INTEREST PAYMENT         
UE,IFCI,9.40 % SRNCD Sr III,23/04/2015, , ,22/04/2015, , ,INTEREST PAYMENT         
UE,IFCI,9.40 % SRNCD Sr III,24/05/2015, , ,21/05/2015, , ,INTEREST PAYMENT         
UG,MANAPPURAM,Bonds SRNCD 12.25% Sr-V,21/04/2015, , ,20/04/2015, , ,INTEREST PAYMENT         
UJ,MANAPPURAM,Bonds SRNCD11.50%Sr VIII,21/04/2015, , ,20/04/2015, , ,INTEREST PAYMENT         
UX,SRTRANSFIN,BOND 9.40% PA SIII,13/05/2015, , ,12/05/2015, , ,INTEREST PAYMENT         
UX,SRTRANSFIN,BOND 9.40% PA SIII,14/04/2015, , ,10/04/2015, , ,INTEREST PAYMENT         
YA,SRTRANSFIN,BOND 9.57% PA SRN S-IV,14/04/2015, , ,10/04/2015, , ,INTEREST PAYMENT         
YA,SRTRANSFIN,BOND 9.57% PA SRN S-IV,13/05/2015, , ,12/05/2015, , ,INTEREST PAYMENT         
YB,SRTRANSFIN,BOND 9.71% PA SRN S-V,13/05/2015, , ,12/05/2015, , ,INTEREST PAYMENT         
YB,SRTRANSFIN,BOND 9.71% PA SRN S-V,14/04/2015, , ,10/04/2015, , ,INTEREST PAYMENT         

