SYMBOL,SERIES,SECURITY,HIGH/LOW,INDEX FLAG
AFTEK,BZ,AFTEK LIMITED,H
AGRODUTCH,EQ,AGRO DUTCH INDUSTRIES LTD,H
ALKALI,EQ,ALKALI METALS LTD,H
ALPA,BE,ALPA LABORATORIES LTD,H
ARVINDREM,EQ,ARVIND REMEDIES LIMITED,H
ATNINTER,EQ,ATN INTERNATIONAL LTD,H
AUSTRAL,EQ,AUSTRAL COKE & PRO LTD,H
AXISCADES,EQ,AXISCADES ENGG TECH LTD,H
BALPHARMA,EQ,BAL PHARMA LTD.,H
BANG,EQ,BANG OVERSEAS LTD.,H
BILENERGY,EQ,BIL ENERGY SYSTEMS LTD,H
BLBLIMITED,EQ,BLB LIMITED,H
BRANDHOUSE,BZ,BRANDHOUSE RETAILS LTD,H
CANFINHOME,EQ,CAN FIN HOMES LTD,H
CAPLIPOINT,EQ,CAPLIN POINT LAB LTD.,H
CLUTCHAUTO,BE,CLUTCH AUTO LTD,H
COUNCODOS,EQ,COUNTRY CONDO'S LIMITED,H
CTE,EQ,CAMBRIDGE TECH ENTER LTD,H
CUBEXTUB,BE,CUBEXTUBINGS-ROLLSETT,H
DECOLIGHT,EQ,DECOLIGHT CERAMICS LTD.,H
DIAPOWER,EQ,DIAMOND POWER INFRA LTD,H
DRDATSONS,EQ,DR. DATSONS LABS LIMITED,H
DYNATECH,EQ,DYNACONS TECHNOLOGIES LTD,H
EDUCOMP,EQ,EDUCOMP SOLUTIONS LTD,H
ELDERPHARM,BE,ELDER PHARMA LTD.,H
ENTEGRA,BE,ENTEGRA LIMITED,H
EON,EQ,EON ELECTRIC LIMITED,H
ERAINFRA,EQ,ERA INFRA ENGINEERING LTD,H
ESSDEE,EQ,ESS DEE ALUM LTD,H
FCSSOFT,EQ,FCS SOFTWARE SOLN. LTD.,H
GEINDSYS,EQ,GEI IND SYSTEMS LTD,H
GEMINI,EQ,GEMINI COMM. LTD,H
GUJNRECOKE,EQ,GUJARAT N R E COKE LTD,H
HCIL,EQ,HIMADRI CHEM. & IND. LTD,H
HESTERBIO,EQ,HESTER BIOSCIENCES LTD,H
IMFA,EQ,INDIAN METALS & FERRO,H
INDOWIND,BE,INDOWIND ENERGY LTD,H
INDSWFTLTD,BE,IND-SWIFT LIMITED,H
ISFT,EQ,INTRASOFT TECH. LTD,H
JCTEL,EQ,JCT ELE. LTD,H
JENSONICOL,EQ,JENSON & NICHOLSON (IND),H
KEMROCK,EQ,KEMROCK IND LTD,H
KHAITANELE,EQ,KHAITAN ELECTRICALS LTD,H
KSERASERA,EQ,KSS LIMITED,H
LCCINFOTEC,EQ,LCC INFOTECH LTD,H
LOTUSEYE,EQ,LOTUS EYE HOSPITAL LTD.,H
MITCON,SM,MITCON CON & ENG SERV LTD,H
MOSERBAER,EQ,MOSER-BAER (I) LTD,H
MOTOGENFIN,BE,MOTOR & GENERAL FINANCE L,H
NEPCMICON,BE,NEPC INDIA LTD,H
NUCLEUS,EQ,NUCLEUS SOFTWARE EXPORTS,H
ORISSAMINE,EQ,ORISSA MIN DEV CO LTD,H
PANACEABIO,EQ,PANACEA BIOTEC LTD,H
PARACABLES,EQ,PARAMOUNT COMM LTD,H
PBAINFRA,EQ,PBA INFRASTRUCTURE LTD.,H
PDPL,EQ,PARENTERAL DRUGS LTD,H
PIONDIST,EQ,PIONEER DIST LTD,H
PIRPHYTO,EQ,PIRAMAL PHYTOCARE LIMITED,H
PLETHICO,EQ,PLETHICO PHARMACE LIMITED,H
PREMIERPOL,EQ,PREMIER POLYFILM LTD,H
PSL,BE,PSL LIMITED,H
RAJOIL,BE,RAJ OIL MILLS LTD,H
RAMSARUP,BE,RAMSARUP INDUSTRIES LTD.,H
REIAGROLTD,EQ,REI AGRO LIMITED,H
RICOAUTO,EQ,RICO AUTO INDUSTRIES LTD,H
RMMIL,EQ,RESURGERE MINES & MINERAL,H
ROSSELLIND,EQ,ROSSELL INDIA LIMITED,H
SEZAL,EQ,SEZAL GLASS LIMITED,H
SGFL,BE,SHREE GANESH FORG. LTD,H
SHREYAS,EQ,SHREYAS SHIPPING & LOGIST,H
SKUMARSYNF,BZ,S KUMARS NATIONWIDE LTD,H
SUNDARAM,EQ,SUNDARAM MULTI PAP LTD,H
TANTIACONS,EQ,TANTIA CONST LTD,H
TECHIN,EQ,TECHINDIA NIRMAN LIMITED,H
TEXMOPIPES,EQ,TEXMO PIPE & PRODUCTS LTD,H
TFL,EQ,TRANSWARRANTY FIN. LTD.,H
THOMASCOTT,BE,THOMAS SCOTT (INDIA) LTD,H
TIMBOR,EQ,TIMBOR HOME LIMITED,H
TRICOM,EQ,TRICOM INDIA LIMITED,H
UNIPLY,BE,UNIPLY INDUSTRIES LIMITED,H
UNIVCABLES,BE,UNIVERSAL CABLES LTD,H
V2RETAIL,EQ,V2 RETAIL LIMITED,H
VARUNSHIP,EQ,VARUN SHIPPING LTD,H
VKSPL,EQ,VKS PROJECTS LIMITED,H
WANBURY,BE,WANBURY LIMITED,H
ZYLOG,EQ,ZYLOG SYSTEMS LTD.,H
AGRODUTCH,EQ,AGRO DUTCH INDUSTRIES LTD,L
ANTGRAPHIC,BE,ANTARCTICA LTD,L
APOLSINHOT,BE,APOLLO SINDOORI HOTEL LTD,L
ARVINDREM,EQ,ARVIND REMEDIES LIMITED,L
BGLOBAL,BE,BHARATIYA GLOBAL INFO LTD,L
BIRLACOT,EQ,BIRLA COTSYN LTD,L
BROADCAST,EQ,BROADCAST INITIAT LTD,L
CHROMATIC,EQ,CHROMATIC INDIA LTD,L
CLASSIC,BE,CLASSIC DIAMONDS (I) LTD,L
CREATIVEYE,EQ,CREATIVE EYE LIMITED,L
EUROCERA,BE,EURO CERAMICS LTD,L
FARMAXIND,EQ,FARMAX INDIA LTD,L
GENUSPAPER,EQ,GENUS P&B LIMITED,L
GLODYNE,BZ,GLODYNE TECHNOSERVE LTD.,L
INNOIND,EQ,INNOVENTIVE IND LTD,L
INTEGRA,EQ,INTEGRA GARMENT & TEX LTD,L
JAINSTUDIO,BE,JAIN STUDIOS LIMITED,L
KSERASERA,EQ,KSS LIMITED,L
LCCINFOTEC,EQ,LCC INFOTECH LTD,L
MANAKALUCO,BE,MANAK ALUMINIUM CO. LTD.,L
MANAKCOAT,BE,MAN COAT METAL & IND LTD,L
MANAKINDST,BE,MANAKSIA INDUSTRIES LTD,L
MANAKSTEEL,BE,MANAKSIA STEELS LTD,L
MVL,EQ,MVL LIMITED,L
NEPCMICON,BE,NEPC INDIA LTD,L
NICCO,EQ,NICCO CORP LTD,L
PARABDRUGS,EQ,PARABOLIC DRUGS LTD,L
PARAPRINT,BE,PARAMOUNT PRINTPACK LTD,L
POCHIRAJU,EQ,POCHIRAJU IND LTD,L
RAJRAYON,EQ,RAJ RAYON INDUSTRIES LTD,L
RAMSARUP,BE,RAMSARUP INDUSTRIES LTD.,L
RASOYPR,BE,RASOYA PROTEINS LTD,L
RMMIL,EQ,RESURGERE MINES & MINERAL,L
RUCHINFRA,BE,RUCHI INFRASTRUCTURE LTD,L
SAMBHAAV,BE,SAMBHAAV MEDIA LTD,L
SAMTEL,EQ,SAMTEL COLOR LTD,L
SHREERAMA,BE,SHREE RAMA MULTI TECH LTD,L
SKIL,EQ,SKIL INFRASTRUCTURE LTD.,L
SKUMARSYNF,BZ,S KUMARS NATIONWIDE LTD,L
SOFTTECHGR,BE,SOFTWARE TECHNOLOGY GROUP,L
SPYL,EQ,SHEKHAWATI POLY-YARN LTD.,L
STERLINBIO,EQ,STERLING BIOTECH LTD,L
THOMASCOTT,BE,THOMAS SCOTT (INDIA) LTD,L
TIMBOR,EQ,TIMBOR HOME LIMITED,L
TNTELE,BE,TAMILNADU TELECOMMUNICATI,L
UGARSUGAR,BE,THE UGAR SUGAR WORKS LTD,L
UNIVCABLES,BE,UNIVERSAL CABLES LTD,L
VISESHINFO,EQ,VISESH INFOTECNICS LTD,L
WEBELSOLAR,EQ,WEBSOL ENERGY SYSTEM LTD,L
ZENITHEXPO,EQ,ZENITH EXPORTS LTD,L
