GAIN_LOSS,SECURITY,CLOSE_PRIC,PREV_CL_PR,PERCENT_CG
 ,CNX Nifty Sec., , , 
 , , , , 
G,PUNJAB NATIONAL BANK,161.95,152.8,5.99
G,ZEE ENTERTAINMENT ENT LTD,357.1,340.4,4.91
G,INDUSIND BANK LIMITED,943.9,901.95,4.65
G,KOTAK MAHINDRA BANK LTD,1430.6,1371.6,4.3
G,RELIANCE INDUSTRIES LTD,895.1,865.9,3.37
G,TATA STEEL LIMITED,346.05,336.1,2.96
G,AXIS BANK LIMITED,572.15,555.9,2.92
G,YES BANK LIMITED,841.7,820.6,2.57
G,STATE BANK OF INDIA,280.85,273.9,2.54
G,POWER GRID CORP. LTD.,151,147.3,2.51
G,HDFC BANK LTD,1056.1,1035.55,1.98
G,ICICI BANK LTD.,320.6,315.1,1.75
G,COAL INDIA LTD,386.95,380.35,1.74
G,BANK OF BARODA,171.75,168.85,1.72
G,HINDUSTAN UNILEVER LTD.,926.45,912.55,1.52
G,NMDC LTD.,132.2,130.25,1.5
G,HINDALCO  INDUSTRIES  LTD,139.9,137.95,1.41
G,IDFC LIMITED,172.25,170,1.32
G,TATA POWER CO LTD,78.35,77.35,1.29
G,TATA CONSULTANCY SERV LT,2664.55,2641.4,0.88
G,MARUTI SUZUKI INDIA LTD.,3659.2,3628.7,0.84
G,NTPC LTD,157.35,156.1,0.8
G,ASIAN PAINTS LIMITED,853.15,846.85,0.74
G,INFOSYS LIMITED,2215,2200.55,0.66
G,CAIRN INDIA LIMITED,223.15,221.75,0.63
G,HCL TECHNOLOGIES LTD,964.15,958.85,0.55
G,SESA STERLITE LIMITED,194.65,193.6,0.54
G,ITC LTD,347.15,346.25,0.26
G,HDFC LTD,1303.05,1299.7,0.26
G,HERO MOTOCORP LIMITED,2611.6,2605.8,0.22
 , , , , 
L,GAIL (INDIA) LTD,397.2,410.4,-3.22
L,SUN PHARMACEUTICALS IND.,1113.45,1150.45,-3.22
L,LUPIN LIMITED,2015.75,2082.1,-3.19
L,BHARTI AIRTEL LIMITED,407.2,419.15,-2.85
L,IDEA CELLULAR LIMITED,187.65,192.2,-2.37
L,CIPLA LTD,719.45,736.7,-2.34
L,BHEL,232.65,235.9,-1.38
L,BHARAT PETROLEUM CORP  LT,811.85,819.65,-0.95
L,OIL AND NATURAL GAS CORP.,310.15,313,-0.91
L,ACC LIMITED,1622.45,1636.2,-0.84
L,GRASIM INDUSTRIES LTD,3768.4,3800.25,-0.84
L,ULTRATECH CEMENT LIMITED,2963.95,2986.45,-0.75
L,AMBUJA CEMENTS LTD,256.15,257.65,-0.58
L,LARSEN & TOUBRO LTD.,1770.8,1779.45,-0.49
L,DR. REDDY'S LABORATORIES,3740.25,3755.45,-0.4
L,TATA MOTORS LIMITED,559.9,561.5,-0.28
L,TECH MAHINDRA LIMITED,670.4,672.3,-0.28
L,BAJAJ AUTO LIMITED,2098.55,2099.5,-0.05
 , , , , 
 ,CNX Nifty Junior Sec., , , 
 , , , , 
G,INDIABULLS HSG FIN LTD,581.4,557.65,4.26
G,COLGATE PALMOLIVE LTD.,2173.35,2093.35,3.82
G,POWER FIN CORP LTD.,287.6,277.95,3.47
G,BANK OF INDIA,212.7,205.9,3.3
G,CANARA BANK,389.8,379.7,2.66
G,EXIDE INDUSTRIES LTD,188.95,184.2,2.58
G,UNION BANK OF INDIA,160.6,157.1,2.23
G,JSW STEEL LIMITED,952.7,932,2.22
G,PETRONET LNG LIMITED,185.15,181.65,1.93
G,RURAL ELEC CORP. LTD.,336.35,330.3,1.83
G,LIC HOUSING FINANCE LTD,460.6,452.85,1.71
G,STEEL AUTHORITY OF INDIA,73.45,72.3,1.59
G,BHARTI INFRATEL LTD.,380.1,374.4,1.52
G,RELIANCE CAPITAL LTD,443.05,436.85,1.42
G,RELIANCE COMMUNICATIONS L,63.45,62.65,1.28
G,CONTAINER CORP OF IND LTD,1694.45,1676.15,1.09
G,OIL INDIA LTD,456.65,452,1.03
G,MOTHERSON SUMI SYSTEMS LT,510.7,506.3,0.87
G,ORACLE FIN SERV SOFT LTD.,3364.85,3338.8,0.78
G,BAJAJ FINSERV LTD.,1464.65,1455.6,0.62
G,M&M FIN. SERVICES LTD,268.3,266.7,0.6
G,RELIANCE POWER LTD.,58.4,58.1,0.52
G,RELIANCE INFRASTRUCTU LTD,455.6,453.95,0.36
G,TATA GLOBAL BEVERAGES LTD,152.05,151.6,0.3
G,CROMPTON GREAVES LTD,175.6,175.3,0.17
G,AUROBINDO PHARMA LTD,1326.2,1325.15,0.08
 , , , , 
L,UNITED SPIRITS LIMITED,3861,3940.85,-2.03
L,GLENMARK PHARMACEUTICALS,864.8,881.75,-1.92
L,TITAN COMPANY LIMITED,399.95,407.45,-1.84
L,UPL LIMITED,454.25,462.25,-1.73
L,CUMMINS INDIA LTD,873,887.85,-1.67
L,UNITED BREWERIES LTD,1104.5,1122.35,-1.59
L,DABUR INDIA LTD,279.9,284.35,-1.56
L,BHARAT FORGE LTD,1319.95,1339.7,-1.47
L,EICHER MOTORS LTD,16302.5,16524.85,-1.35
L,BAJAJ HOLDINGS & INVS LTD,1300.4,1314.35,-1.06
L,HINDUSTAN PETROLEUM CORP,666.3,672.75,-0.96
L,APOLLO HOSPITALS ENTER. L,1369.6,1381.95,-0.89
L,ADANI PORT & SEZ LTD,316.7,319.15,-0.77
L,ADANI ENTERPRISES LIMITED,640,644.85,-0.75
L,GLAXOSMITHKLINE PHARMA LT,3340.85,3359.5,-0.56
L,GODREJ CONSUMER PRODUCTS,1167.6,1173.8,-0.53
L,BOSCH LIMITED,25692.5,25823.6,-0.51
L,DIVI'S LABORATORIES LTD,1934,1943.45,-0.49
L,SHRIRAM TRANSPORT FIN CO.,1157,1161.95,-0.43
L,SIEMENS LTD,1458.85,1462.2,-0.23
L,FEDERAL BANK LTD,130.25,130.5,-0.19
L,TATA CHEMICALS LTD,448.35,449.05,-0.16
L,ADITYA BIRLA NUVO LIMITED,1751.8,1753.35,-0.09
L,GLAXOSMITHKLINE CONSUMER,6298.4,6299.75,-0.02
 , , , , 
 ,OTHER SECURITIES, , , 
 , , , , 
G,VKS PROJECTS LIMITED,0.2,0.15,33.33
G,EON ELECTRIC LIMITED,45,37.5,20
G,LCC INFOTECH LTD,0.3,0.25,20
G,NUCLEUS SOFTWARE EXPORTS,227.85,189.9,19.98
G,PIRAMAL PHYTOCARE LIMITED,53.45,44.55,19.98
G,PLETHICO PHARMACE LIMITED,40.95,34.15,19.91
G,DR. DATSONS LABS LIMITED,9.95,8.3,19.88
G,TANTIA CONST LTD,22.7,18.95,19.79
G,INDIAN METALS & FERRO,190.45,159,19.78
G,MITCON CON & ENG SERV LTD,70.05,58.95,18.83
G,CAN FIN HOMES LTD,748.45,631.1,18.59
G,ORISSA MIN DEV CO LTD,3169.65,2677.05,18.4
G,RICO AUTO INDUSTRIES LTD,53.45,45.15,18.38
G,BAL PHARMA LTD.,80,67.6,18.34
G,KOKUYO CAMLIN LIMITED,96.65,84.3,14.65
G,EMMBI INDUSTRIES LIMITED,21.15,18.55,14.02
G,ALKALI METALS LTD,47.2,41.45,13.87
G,ZEN TECHNOLOGIES LIMITED,79.7,70.05,13.78
G,NANDAN DENIM LIMITED,82.35,72.65,13.35
G,DYNACONS SYS & SOLN LTD,12.5,11.05,13.12
G,SARLA PERF. FIBERS LTD,473.35,420.5,12.57
G,IL&FS ENG AND CONS CO LTD,102.75,91.8,11.93
G,REI SIX TEN RETAIL LTD,0.5,0.45,11.11
G,SHIVAM AUTO.LTD,87.05,78.95,10.26
G,ZODIAC JRD-MKJ LTD,41.95,38.05,10.25
G,TVS SRICHAKRA LIMITED,1911.55,1734.45,10.21
G,ESS DEE ALUM LTD,234.95,213.6,10
G,PARENTERAL DRUGS LTD,27.7,25.2,9.92
G,TRANSWARRANTY FIN. LTD.,6.25,5.7,9.65
 , , , , 
L,VISESH INFOTECNICS LTD,0.1,0.15,-33.33
L,BIRLA COTSYN LTD,0.1,0.15,-33.33
L,ONELIFE CAP ADVISORS LTD,118.55,144.5,-17.96
L,NCD 9.75% ANNUAL OPT I,986,1140,-13.51
L,KSS LIMITED,0.4,0.45,-11.11
L,MVL LIMITED,0.4,0.45,-11.11
L,10.75% SEC RED NCD SII,890,1000,-11
L,INNOVENTIVE IND LTD,15.35,17,-9.71
L,BROADCAST INITIAT LTD,3.85,4.25,-9.41
L,MAGNUM VENTURES LTD.,2.9,3.2,-9.38
L,NU TEK INDIA LTD,0.5,0.55,-9.09
L,RAJ RAYON INDUSTRIES LTD,0.5,0.55,-9.09
L,CREATIVE EYE LIMITED,3.95,4.3,-8.14
L,CHROMATIC INDIA LTD,4.1,4.45,-7.87
L,ANG INDUSTRIES LIMITED,41.15,44.55,-7.63
L,LT FOODS LIMITED,126.55,136.95,-7.59
L,ORIENT BELL LIMITED,160.65,173.45,-7.38
L,FARMAX INDIA LTD,0.65,0.7,-7.14
L,SAMTEL COLOR LTD,0.7,0.75,-6.67
L,LAKSHMI ENG. & FOODS LTD,13.45,14.4,-6.6
L,SURANA TELECOM AND POW LT,14.9,15.95,-6.58
L,GTN TEXTILES LIMITED,9.3,9.95,-6.53
L,ROYAL ORCHID HOTELS LTD,45.45,48.6,-6.48
L,W.S.INDUSTRIES (I) LTD.,11.05,11.8,-6.36
L,PRIME SECURITIES LIMITED,4.45,4.75,-6.32
L,SPL INDUSTRIES LIMITED,10.4,11.1,-6.31
L,PAE LIMITED,12.65,13.5,-6.3
