SECURITY,NEW,PREVIOUS,NEW_STATUS
JULLUNDUR MOT AGENCY LTD,209.95,194,H
VARDHMAN TEXTILES LIMITED,608,599,H
HSIL LIMITED,470,467.8,H
ICRA LIMITED,4548,4319,H
SRNCD SR II,1020,1010,H
INTRASOFT TECH. LTD,295.55,174.2,H
MOST SHARES M100 ETF,14.25,14.15,H
PEARL GLOBAL IND LIMITED,271.3,270,H
RSWM LIMITED,250.6,245,H
STAR FERRO & CEMENT LTD.,185,180.5,H
SUPREME (INDIA) IMPEX LTD,63.5,63,H
BANNARI AM SPIN MILL LTD.,230,229,H
KITEX GARMENTS LTD,862.8,796.3,H
COLGATE PALMOLIVE LTD.,2182.35,2145,H
IFB INDUSTRIES LTD,700,683.8,H
MITCON CON & ENG SERV LTD,70.7,62,H
UNIPLY INDUSTRIES LIMITED,34,14.2,H
ZEN TECHNOLOGIES LIMITED,81.45,73,H
3M INDIA LIMITED,9585,9420,H
PRESSMAN ADVERTISING LTD,51.8,49.75,H
RAMKRISHNA FORGINGS LTD,521,501.8,H
SHREYAS SHIPPING & LOGIST,513.55,288,H
INFINITE COMPUTER SOL LTD,282.8,278,H
SBIAMC - SETFBANK,221,186,H
SYMPHONY LIMITED,2894.95,2762,H
AEGIS LOGISTICS LIMITED,754,689,H
AXISCADES ENGG TECH LTD,396.2,377.35,H
HESTER BIOSCIENCES LTD,618.2,588.8,H
HINDUSTAN PETROLEUM CORP,684.4,678.9,H
INGERSOLL-RAND INDIA LTD,1116,1108,H
BOND 8.63%PA TF TR-I S 2A,5750,5690,H
NITIN SPINNERS LIMITED,36.25,35.5,H
SARLA PERF. FIBERS LTD,482,475,H
SOLAR INDUSTRIES (I) LTD,3880.05,3662,H
BAJAJ FINANCE LIMITED,4699,4530,H
BRANDHOUSE RETAILS LTD,1.15,1.1,H
CAN FIN HOMES LTD,757.3,724,H
CAPLIN POINT LAB LTD.,1364.45,1299.5,H
CARE LIMITED,1759.6,1759,H
ECL NCD 10% OPT I,1006,1003,H
ECL NCD 10.15% OPT IV,1014.9,1002,H
HITACHI HOME & LIFE SOLUT,1713.7,1625,H
HONDA SIEL POWER PROD LTD,1382,1363.95,H
IND TERRAIN FASHIONS LTD,700.05,699,H
INSECTICIDES (I) LTD,940,930,H
KOKUYO CAMLIN LIMITED,98.25,88.75,H
MOTHERSON SUMI SYSTEMS LT,521.7,519.95,H
RANE HOLDINGS LIMITED,740,725,H
ROSSELL INDIA LIMITED,130.75,118.9,H
SHARDA CROPCHEM LTD.,354.15,337.8,H
SOMANY CERAMICS LIMITED,453,451,H
NCD 9.75% ANNUAL OPT I,1350,1235,H
NCD DOUBLE BOND OPT IV,1695,1680,H
TVS SRICHAKRA LIMITED,1956,1842,H
VINATI ORGANICS LTD,623.9,601.9,H
WABCO INDIA LIMITED,6038.7,6030,H
NET 4 INDIA LIMITED,3.2,3.35,L
JIK INDUSTRIES LTD,1.05,1.1,L
GLODYNE TECHNOSERVE LTD.,1.65,1.7,L
MENON BEARINGS LIMITED,30.5,123.55,L
RASOYA PROTEINS LTD,0.65,29.05,L
EURO CERAMICS LTD,6.65,7.6,L
MURLI INDUST. LTD.,4.6,4.7,L
GREEN FIRE AGRI COMM LTD,0.4,0.45,L
MAN COAT METAL & IND LTD,14,14.7,L
PARAMOUNT PRINTPACK LTD,0.3,0.35,L
KHAITAN (INDIA)LTD.,6.8,7.15,L
MANAK ALUMINIUM CO. LTD.,14,14.7,L
MANAKSIA INDUSTRIES LTD,13.95,14.65,L
10.75% SEC RED NCD SII,890,910.03,L
NCD 10.50% ANNUAL OPT III,176.01,176.05,L

