MARKET,SERIES,SYMBOL,SECURITY,PREV_CL_PR,OPEN_PRICE,HIGH_PRICE,LOW_PRICE,CLOSE_PRICE,NET_TRDVAL,NET_TRDQTY,CORP_IND,HI_52_WK,LO_52_WK
N,SM,MITCON,MITCON CON & ENG SERV LTD,58.95,59.5,70.7,59.5,70.05,12100300,194000, ,70.7,40
N,SM,MOMAI,MOMAI APPARELS LTD.,84,85,86.25,84,84.6,1222720,14400, ,103,78
N,SM,SIIL,SUPREME (INDIA) IMPEX LTD,61,63.5,63.5,63.5,63.5,127000,2000, ,63.5,60
N,SM,THEJO,THEJO ENGINEERING LIMITED,195,210,210,210,210,378000,1800, ,210,164
N,SM,VETO,VETO SWITCHGEAR CABLE LTD,70,71,72,70,72,587400,8250, ,75,54
N,IT,3RDROCK,3RD ROCK MULTIMEDIA LTD,185.55,184.5,184.5,184.5,184.5,1590574.5,8621, ,193.7,79
