SYMBOL,SERIES,SECURITY,HIGH/LOW,INDEX FLAG
AFTEK,BZ,AFTEK LIMITED,H
AGRODUTCH,EQ,AGRO DUTCH INDUSTRIES LTD,H
ALKALI,EQ,ALKALI METALS LTD,H
ALPA,BE,ALPA LABORATORIES LTD,H
ASAHISONG,EQ,ASAHI SONGWON COLOR LTD,H
ATNINTER,EQ,ATN INTERNATIONAL LTD,H
AUSOMENT,EQ,AUSOM ENTERPRISE LIMITED,H
AUSTRAL,EQ,AUSTRAL COKE & PRO LTD,H
BANG,EQ,BANG OVERSEAS LTD.,H
BFINVEST,EQ,BF INVESTMENT LIMITED,H
BIRLACOT,EQ,BIRLA COTSYN LTD,H
CENTENKA,EQ,CENTURY ENKA LTD,H
CHROMATIC,EQ,CHROMATIC INDIA LTD,H
CLASSIC,BE,CLASSIC DIAMONDS (I) LTD,H
CLUTCHAUTO,BE,CLUTCH AUTO LTD,H
COUNCODOS,EQ,COUNTRY CONDO'S LIMITED,H
CTE,EQ,CAMBRIDGE TECH ENTER LTD,H
CUBEXTUB,BE,CUBEXTUBINGS-ROLLSETT,H
CYBERTECH,EQ,CYBERTECH SYSTEMS & SOFTW,H
DIAPOWER,EQ,DIAMOND POWER INFRA LTD,H
DRDATSONS,EQ,DR. DATSONS LABS LIMITED,H
DYNATECH,EQ,DYNACONS TECHNOLOGIES LTD,H
EDUCOMP,EQ,EDUCOMP SOLUTIONS LTD,H
ELDERPHARM,BE,ELDER PHARMA LTD.,H
ENTEGRA,BE,ENTEGRA LIMITED,H
ERAINFRA,EQ,ERA INFRA ENGINEERING LTD,H
ESSDEE,EQ,ESS DEE ALUM LTD,H
FCSSOFT,EQ,FCS SOFTWARE SOLN. LTD.,H
GEINDSYS,EQ,GEI IND SYSTEMS LTD,H
GEMINI,EQ,GEMINI COMM. LTD,H
GOENKA,BZ,GOENKA DIAMOND&JEWELS LTD,H
GOLDENTOBC,EQ,GOLDEN TOBACCO LIMITED,H
HELIOSMATH,EQ,HELIOS & MATHINFTECH LTD.,H
HESTERBIO,EQ,HESTER BIOSCIENCES LTD,H
IMFA,EQ,INDIAN METALS & FERRO,H
INDOWIND,BE,INDOWIND ENERGY LTD,H
INDSWFTLTD,BE,IND-SWIFT LIMITED,H
ISFT,EQ,INTRASOFT TECH. LTD,H
JAINSTUDIO,BE,JAIN STUDIOS LIMITED,H
JCTEL,EQ,JCT ELE. LTD,H
JENSONICOL,EQ,JENSON & NICHOLSON (IND),H
KEMROCK,EQ,KEMROCK IND LTD,H
KSERASERA,EQ,KSS LIMITED,H
LOGIXMICRO,EQ,LOGIX MICROSYSTEM LTD.,H
LOTUSEYE,EQ,LOTUS EYE HOSPITAL LTD.,H
MENONBE,EQ,MENON BEARINGS LIMITED,H
MRO-TEK,EQ,MRO-TEK LIMITED,H
NAGREEKCAP,EQ,NAGREEKA CAP & INFR.LTD,H
NETWORK18,EQ,NETWORK18 MEDIA & INV LTD,H
NICCO,EQ,NICCO CORP LTD,H
NUTEK,EQ,NU TEK INDIA LTD,H
PANACEABIO,EQ,PANACEA BIOTEC LTD,H
PARABDRUGS,EQ,PARABOLIC DRUGS LTD,H
PARACABLES,EQ,PARAMOUNT COMM LTD,H
PARAPRINT,BE,PARAMOUNT PRINTPACK LTD,H
PARASPETRO,BE,PARAS PETROFILS LTD.,H
PONNIERODE,EQ,PONNIE SUGARS (ERODE) LTD,H
PRECWIRE,EQ,PRECISION WIRES INDIA LTD,H
PRESSMN,EQ,PRESSMAN ADVERTISING LTD,H
PSL,BE,PSL LIMITED,H
PVP,EQ,PVP VENTURES LIMITED,H
RAJOIL,BE,RAJ OIL MILLS LTD,H
RAJRAYON,EQ,RAJ RAYON INDUSTRIES LTD,H
RAMSARUP,BE,RAMSARUP INDUSTRIES LTD.,H
REIAGROLTD,EQ,REI AGRO LIMITED,H
RKDL,EQ,RAVI KUMAR DIST. LTD.,H
RMMIL,EQ,RESURGERE MINES & MINERAL,H
ROSSELLIND,EQ,ROSSELL INDIA LIMITED,H
RPPINFRA,EQ,R.P.P INFRA PROJECTS LTD,H
SAMTEL,EQ,SAMTEL COLOR LTD,H
SDAFIIIGR,MF,SBIAMC - SDAFIIIGR,H
SEZAL,EQ,SEZAL GLASS LIMITED,H
SGFL,BE,SHREE GANESH FORG. LTD,H
SHARONBIO,EQ,SHARON BIO-MEDI LTD,H
SHIVAMAUTO,EQ,SHIVAM AUTO.LTD,H
SHREERAMA,BE,SHREE RAMA MULTI TECH LTD,H
SHREYAS,EQ,SHREYAS SHIPPING & LOGIST,H
SIL,BE,STANDARD INDUSTRIES LTD.,H
SPYL,EQ,SHEKHAWATI POLY-YARN LTD.,H
STEL,BE,STEL HOLDINGS LIMITED,H
SUBEX,EQ,SUBEX LIMITED,H
SUNDARAM,EQ,SUNDARAM MULTI PAP LTD,H
TECHIN,EQ,TECHINDIA NIRMAN LIMITED,H
TEXMOPIPES,EQ,TEXMO PIPE & PRODUCTS LTD,H
THOMASCOTT,BE,THOMAS SCOTT (INDIA) LTD,H
TRICOM,EQ,TRICOM INDIA LIMITED,H
VIMTALABS,EQ,VIMTA LABS LIMITED,H
VISESHINFO,EQ,VISESH INFOTECNICS LTD,H
VIVIDHA,EQ,VISAGAR POLYTEX LTD,H
ZYLOG,EQ,ZYLOG SYSTEMS LTD.,H
ANTGRAPHIC,BE,ANTARCTICA LTD,L
APOLSINHOT,BE,APOLLO SINDOORI HOTEL LTD,L
ARVINDREM,EQ,ARVIND REMEDIES LIMITED,L
BRANDHOUSE,BZ,BRANDHOUSE RETAILS LTD,L
CLASSIC,BE,CLASSIC DIAMONDS (I) LTD,L
CREATIVEYE,EQ,CREATIVE EYE LIMITED,L
FARMAXIND,EQ,FARMAX INDIA LTD,L
GENUSPAPER,EQ,GENUS P&B LIMITED,L
GLODYNE,BZ,GLODYNE TECHNOSERVE LTD.,L
INTEGRA,EQ,INTEGRA GARMENT & TEX LTD,L
JAINSTUDIO,BE,JAIN STUDIOS LIMITED,L
KHAITANELE,EQ,KHAITAN ELECTRICALS LTD,L
LCCINFOTEC,EQ,LCC INFOTECH LTD,L
MANAKALUCO,BE,MANAK ALUMINIUM CO. LTD.,L
MANAKCOAT,BE,MAN COAT METAL & IND LTD,L
MANAKINDST,BE,MANAKSIA INDUSTRIES LTD,L
MANAKSTEEL,BE,MANAKSIA STEELS LTD,L
MELSTAR,EQ,MELSTAR INFORMATION TECH,L
MOTOGENFIN,BE,MOTOR & GENERAL FINANCE L,L
MVL,EQ,MVL LIMITED,L
NEPCMICON,BE,NEPC INDIA LTD,L
NICCO,EQ,NICCO CORP LTD,L
POCHIRAJU,EQ,POCHIRAJU IND LTD,L
RAJOIL,BE,RAJ OIL MILLS LTD,L
RAJRAYON,EQ,RAJ RAYON INDUSTRIES LTD,L
RAMSARUP,BE,RAMSARUP INDUSTRIES LTD.,L
RASOYPR,BE,RASOYA PROTEINS LTD,L
REMSONSIND,EQ,REMSONS INDUSTRIES LTD,L
RMMIL,EQ,RESURGERE MINES & MINERAL,L
SAMTEL,EQ,SAMTEL COLOR LTD,L
SHLAKSHMI,BE,SHRI LAKSHMI COTSYN LTD,L
SHREERAMA,BE,SHREE RAMA MULTI TECH LTD,L
SKIL,EQ,SKIL INFRASTRUCTURE LTD.,L
SKUMARSYNF,BZ,S KUMARS NATIONWIDE LTD,L
SOFTTECHGR,BE,SOFTWARE TECHNOLOGY GROUP,L
SPYL,EQ,SHEKHAWATI POLY-YARN LTD.,L
SUPREMETEX,EQ,SUPREME TEX MART LIMITED,L
TECHIN,EQ,TECHINDIA NIRMAN LIMITED,L
TIMBOR,EQ,TIMBOR HOME LIMITED,L
TNTELE,BE,TAMILNADU TELECOMMUNICATI,L
UNIPLY,BE,UNIPLY INDUSTRIES LIMITED,L
VKSPL,EQ,VKS PROJECTS LIMITED,L
WANBURY,BE,WANBURY LIMITED,L
