GAIN_LOSS,SECURITY,CLOSE_PRIC,PREV_CL_PR,PERCENT_CG
 ,CNX Nifty Sec., , , 
 , , , , 
G,IDEA CELLULAR LIMITED,196.05,187.65,4.48
G,SESA STERLITE LIMITED,202.35,194.65,3.96
G,NMDC LTD.,135.2,132.2,2.27
G,IDFC LIMITED,176.05,172.25,2.21
G,STATE BANK OF INDIA,285.75,280.85,1.74
G,DR. REDDY'S LABORATORIES,3797.4,3740.25,1.53
G,BANK OF BARODA,174.2,171.75,1.43
G,BHARTI AIRTEL LIMITED,411.95,407.2,1.17
G,POWER GRID CORP. LTD.,152.7,151,1.13
G,RELIANCE INDUSTRIES LTD,904.35,895.1,1.03
G,PUNJAB NATIONAL BANK,163.6,161.95,1.02
G,BHARAT PETROLEUM CORP  LT,820.05,811.85,1.01
G,MAHINDRA & MAHINDRA LTD,1286.75,1274.55,0.96
G,INFOSYS LIMITED,2233.95,2215,0.86
G,AMBUJA CEMENTS LTD,258.3,256.15,0.84
G,ACC LIMITED,1636.05,1622.45,0.84
G,BHEL,234.6,232.65,0.84
G,HINDUSTAN UNILEVER LTD.,933.8,926.45,0.79
G,ASIAN PAINTS LIMITED,859.45,853.15,0.74
G,TATA POWER CO LTD,78.9,78.35,0.7
G,GRASIM INDUSTRIES LTD,3792.7,3768.4,0.64
G,SUN PHARMACEUTICALS IND.,1119.75,1113.45,0.57
G,COAL INDIA LTD,389,386.95,0.53
G,TATA MOTORS LIMITED,562.65,559.9,0.49
G,GAIL (INDIA) LTD,399.15,397.2,0.49
G,HCL TECHNOLOGIES LTD,967.25,964.15,0.32
G,MARUTI SUZUKI INDIA LTD.,3666.6,3659.2,0.2
G,ULTRATECH CEMENT LIMITED,2969.05,2963.95,0.17
G,INDUSIND BANK LIMITED,945.25,943.9,0.14
G,YES BANK LIMITED,842.6,841.7,0.11
 , , , , 
L,ZEE ENTERTAINMENT ENT LTD,347.15,357.1,-2.79
L,LUPIN LIMITED,1964.2,2015.75,-2.56
L,CIPLA LTD,701.15,719.45,-2.54
L,TECH MAHINDRA LIMITED,660.2,670.4,-1.52
L,HINDALCO  INDUSTRIES  LTD,137.9,139.9,-1.43
L,HDFC BANK LTD,1042.65,1056.1,-1.27
L,NTPC LTD,155.65,157.35,-1.08
L,HERO MOTOCORP LIMITED,2583.85,2611.6,-1.06
L,HDFC LTD,1290.35,1303.05,-0.97
L,TATA STEEL LIMITED,342.7,346.05,-0.97
L,ICICI BANK LTD.,318.3,320.6,-0.72
L,AXIS BANK LIMITED,568.05,572.15,-0.72
L,KOTAK MAHINDRA BANK LTD,1422.4,1430.6,-0.57
L,TATA CONSULTANCY SERV LT,2653.75,2664.55,-0.41
L,LARSEN & TOUBRO LTD.,1764,1770.8,-0.38
L,ITC LTD,346.65,347.15,-0.14
L,OIL AND NATURAL GAS CORP.,309.75,310.15,-0.13
L,CAIRN INDIA LIMITED,223.05,223.15,-0.04
 , , , , 
 ,CNX Nifty Junior Sec., , , 
 , , , , 
G,RELIANCE COMMUNICATIONS L,71.95,63.45,13.4
G,TATA GLOBAL BEVERAGES LTD,161.2,152.05,6.02
G,RELIANCE POWER LTD.,61.35,58.4,5.05
G,RELIANCE INFRASTRUCTU LTD,474.15,455.6,4.07
G,UNITED BREWERIES LTD,1142.3,1104.5,3.42
G,BANK OF INDIA,218.95,212.7,2.94
G,RELIANCE CAPITAL LTD,455.65,443.05,2.84
G,GODREJ CONSUMER PRODUCTS,1196.6,1167.6,2.48
G,OIL INDIA LTD,467.65,456.65,2.41
G,RURAL ELEC CORP. LTD.,344.1,336.35,2.3
G,STEEL AUTHORITY OF INDIA,75.1,73.45,2.25
G,UPL LIMITED,463.4,454.25,2.01
G,APOLLO HOSPITALS ENTER. L,1395.7,1369.6,1.91
G,BOSCH LIMITED,26069.1,25692.5,1.47
G,ADITYA BIRLA NUVO LIMITED,1774.1,1751.8,1.27
G,AUROBINDO PHARMA LTD,1342.7,1326.2,1.24
G,UNITED SPIRITS LIMITED,3902.2,3861,1.07
G,ADANI PORT & SEZ LTD,319.8,316.7,0.98
G,BHARAT FORGE LTD,1331.8,1319.95,0.9
G,CUMMINS INDIA LTD,879.7,873,0.77
G,GLENMARK PHARMACEUTICALS,871.35,864.8,0.76
G,CANARA BANK,392.75,389.8,0.76
G,TATA CHEMICALS LTD,450.35,448.35,0.45
G,PETRONET LNG LIMITED,185.95,185.15,0.43
G,UNION BANK OF INDIA,161.25,160.6,0.4
G,CROMPTON GREAVES LTD,176.05,175.6,0.26
G,DIVI'S LABORATORIES LTD,1938.25,1934,0.22
G,M&M FIN. SERVICES LTD,268.8,268.3,0.19
G,TITAN COMPANY LIMITED,400.55,399.95,0.15
G,DABUR INDIA LTD,280.3,279.9,0.14
 , , , , 
L,SHRIRAM TRANSPORT FIN CO.,1136.35,1157,-1.78
L,CONTAINER CORP OF IND LTD,1669.45,1694.45,-1.48
L,COLGATE PALMOLIVE LTD.,2143.2,2173.35,-1.39
L,FEDERAL BANK LTD,128.7,130.25,-1.19
L,BHARTI INFRATEL LTD.,376.55,380.1,-0.93
L,GLAXOSMITHKLINE PHARMA LT,3314.3,3340.85,-0.79
L,SIEMENS LTD,1447.35,1458.85,-0.79
L,BAJAJ FINSERV LTD.,1454.85,1464.65,-0.67
L,HINDUSTAN PETROLEUM CORP,662.75,666.3,-0.53
L,EICHER MOTORS LTD,16230.25,16302.5,-0.44
L,MOTHERSON SUMI SYSTEMS LT,508.8,510.7,-0.37
L,ORACLE FIN SERV SOFT LTD.,3352.65,3364.85,-0.36
L,ADANI ENTERPRISES LIMITED,638.05,640,-0.3
L,INDIABULLS HSG FIN LTD,580.5,581.4,-0.15
L,JSW STEEL LIMITED,951.9,952.7,-0.08
L,EXIDE INDUSTRIES LTD,188.85,188.95,-0.05
L,BAJAJ HOLDINGS & INVS LTD,1299.75,1300.4,-0.05
 , , , , 
 ,OTHER SECURITIES, , , 
 , , , , 
G,VISESH INFOTECNICS LTD,0.15,0.1,50
G,BIRLA COTSYN LTD,0.15,0.1,50
G,NU TEK INDIA LTD,0.6,0.5,20
G,VISAGAR POLYTEX LTD,1341.6,1118,20
G,HELIOS & MATHINFTECH LTD.,60,50,20
G,BLUE CHIP INDIA LIMITED,0.3,0.25,20
G,SHIVAM AUTO.LTD,104.45,87.05,19.99
G,INDIAN METALS & FERRO,228.5,190.45,19.98
G,GOLDEN TOBACCO LIMITED,47.2,39.35,19.95
G,ALKALI METALS LTD,56.6,47.2,19.92
G,MENON BEARINGS LIMITED,38,31.7,19.87
G,MRO-TEK LIMITED,18.5,15.45,19.74
G,GTN INDUSTRIES LIMITED,11.1,9.3,19.35
G,RAVI KUMAR DIST. LTD.,5.05,4.25,18.82
G,CENTURY ENKA LTD,193.15,164.25,17.6
G,NETWORK18 MEDIA & INV LTD,63.7,54.45,16.99
G,SANGHVI FOR & ENG LTD,59.1,50.7,16.57
G,ASAHI SONGWON COLOR LTD,151.2,130.15,16.17
G,TANTIA CONST LTD,26.2,22.7,15.42
G,INTELLECT DESIGN ARENA,137.7,119.55,15.18
G,SKM EGG PROD EXPORT(I) LT,178.6,155.55,14.82
G,WEIZMANN LTD,13.4,11.7,14.53
G,PVP VENTURES LIMITED,5.9,5.2,13.46
G,CINEVISTA LIMITED,3.4,3,13.33
G,KEC INTL. LIMITED,96.6,85.4,13.11
G,SAGAR CEMENTS LIMITED,392.35,348.2,12.68
G,JMT AUTO LIMITED,170,151,12.58
G,LA OPALA RG LIMITED,475.55,423.5,12.29
 , , , , 
L,LCC INFOTECH LTD,0.25,0.3,-16.67
L,ALCHEMIST LTD,29.8,35,-14.86
L,KARMA ENERGY LIMITED,22.6,25.45,-11.2
L,ONELIFE CAP ADVISORS LTD,106.9,118.55,-9.83
L,FRANK TEMP FTF XII PC D,12.9,14.3,-9.79
L,PBA INFRASTRUCTURE LTD.,21.95,24,-8.54
L,NICCO CORP LTD,0.55,0.6,-8.33
L,DHUNSERI INVESTMENTS LTD,99.5,108,-7.87
L,PARENTERAL DRUGS LTD,25.65,27.7,-7.4
L,TARAPUR TRANSFORMERS LTD,5.75,6.15,-6.5
L,SURANA TELECOM AND POW LT,13.95,14.9,-6.38
L,STORE ONE RETAIL IND LTD,30.85,32.95,-6.37
L,VISA STEEL LIMITED,21.75,23.1,-5.84
L,TOKYO PLAST INTL LTD,22.95,24.35,-5.75
L,SUJANA UNI. INDS. LTD.,1.65,1.75,-5.71
L,AGRI-TECH (INDIA) LIMITED,5.8,6.15,-5.69
L,TULSI EXTRUSION LTD.,3.5,3.7,-5.41
L,BIL ENERGY SYSTEMS LTD,0.9,0.95,-5.26
L,MITCON CON & ENG SERV LTD,66.5,70.05,-5.07
L,SHREYANS INDUSTRIES LTD,34.15,35.95,-5.01
L,POCHIRAJU IND LTD,57.2,60.2,-4.98
L,ARVIND REMEDIES LIMITED,21.1,22.2,-4.95
