SECURITY,NEW,PREVIOUS,NEW_STATUS
UNITED BREWERIES LTD,1162,1142,H
HSIL LIMITED,472.8,470,H
INDO COUNT INDUSTRIES LTD,490,487.6,H
ICRA LIMITED,4998.9,4548,H
JKUMAR INFR.LTD.,733.5,732,H
MOST SHARES M100 ETF,14.4,14.25,H
MARICO KAYA ENTRPRSES LTD,2305,2143.75,H
PEARL GLOBAL IND LIMITED,277.95,271.3,H
RSWM LIMITED,266.35,250.6,H
TECHNOCRAFT IND LTD,281,268,H
ASTEC LIFESCIENCES LTD,168.25,166.9,H
IIHFL NCD OPT II,1124.99,1120,H
MITCON CON & ENG SERV LTD,72,70.7,H
MPS LIMITED,1045,1038,H
ZEN TECHNOLOGIES LIMITED,82.8,81.45,H
AMBIKA COTTON MILL LTD.,945,909.9,H
DR. REDDY'S LABORATORIES,3807.8,3775.3,H
PRESSMAN ADVERTISING LTD,52.5,51.8,H
NCD  SEC S2,1336,1334.05,H
RAMKRISHNA FORGINGS LTD,529,521,H
SHREYAS SHIPPING & LOGIST,539.2,513.55,H
VISAGAR POLYTEX LTD,1341.6,1184.95,H
EVEREADY INDS. IND.  LTD.,300.75,291.9,H
GOOD LUCK STEEL TUBES LTD,89.4,86.5,H
INFINITE COMPUTER SOL LTD,300,282.8,H
INOX WIND LIMITED,452,448.85,H
PIONEER DIST LTD,100,94.5,H
SYMPHONY LIMITED,3014,2894.95,H
HESTER BIOSCIENCES LTD,649.1,618.2,H
INGERSOLL-RAND INDIA LTD,1122.8,1116,H
INTELLECT DESIGN ARENA,139.7,134.4,H
NITIN SPINNERS LIMITED,39.8,36.25,H
SARLA PERF. FIBERS LTD,484,482,H
SBIAMC - SETFNIFJR,201.5,196.85,H
CAN FIN HOMES LTD,764,757.3,H
CARE LIMITED,1805.65,1759.6,H
ECL NCD 10.60 % OPT V,1039,1023,H
HITACHI HOME & LIFE SOLUT,1734,1713.7,H
INSECTICIDES (I) LTD,947.75,940,H
KOKUYO CAMLIN LIMITED,104,98.25,H
NATH BIO-GENES (I) LTD,166,156.7,H
NAVIN FLUORINE INT. LTD,910,882.3,H
SHARDA CROPCHEM LTD.,360,354.15,H
SEC RED NCD SVI,1137,1135,H
SKM EGG PROD EXPORT(I) LT,184.2,174.9,H
SOMANY CERAMICS LIMITED,459.95,453,H
NCD 10.50% SERIES IV CUM,1340,1329.9,H
BOND PA SRN S-VII,1120,1110,H
SUNDARAM FINANCE LTD,1640,1624.4,H
TVS SRICHAKRA LIMITED,2047.45,1956,H
VINATI ORGANICS LTD,641,623.9,H
GLODYNE TECHNOSERVE LTD.,1.6,1.65,L
RASOYA PROTEINS LTD,0.6,0.65,L
MAN COAT METAL & IND LTD,13.3,14,L
GENUS P&B LIMITED,1.75,1.8,L
KHAITAN (INDIA)LTD.,6.5,6.8,L
MANAK ALUMINIUM CO. LTD.,13.3,14,L
MANAKSIA INDUSTRIES LTD,13.3,13.95,L
S KUMARS NATIONWIDE LTD,2.6,2.7,L

