MARKET,SERIES,SYMBOL,SECURITY,PREV_CL_PR,OPEN_PRICE,HIGH_PRICE,LOW_PRICE,CLOSE_PRICE,NET_TRDVAL,NET_TRDQTY,CORP_IND,HI_52_WK,LO_52_WK
N,SM,MITCON,MITCON CON & ENG SERV LTD,70.05,72,72,65,66.5,1216000,18000, ,72,40
N,SM,MOMAI,MOMAI APPARELS LTD.,84.6,85.6,85.6,84,84,1354880,16000, ,103,78
N,SM,SANCO,SANCO INDUSTRIES LTD.,17.8,18.1,18.1,18.1,18.1,144800,8000, ,29.7,15.4
N,SM,SIIL,SUPREME (INDIA) IMPEX LTD,63.5,60.45,62.5,60.45,62.5,608600,10000, ,63.5,60
N,SM,VETO,VETO SWITCHGEAR CABLE LTD,72,73,73,72,72,359700,4950, ,75,54
